index,Enemy LV,Enemy Species,Enemy Head Image,Enemy Size,Enemy Head Colour,Enemy Body Colour,Enemy LP,Attack Mode,Projectile Orientation,Projectile Image,Projectile Colour,Projectile Transparency,Projectile Size W,Projectile Size H,Projectile Hitbox Size W,Projectile Hitbox Size H,Appearence Delay for Multiple Projectiles,Delay before Projectile is Effective,Projectile Lifespan,Projectile Disappearing Effect,Projectile Gravity,Projectile Acceleration,Projectile Terrain Pierce,Projectile Terrain Interaction,Homing Range,Projectile Splash Damage,Min AT,Max AT,Projectile Count,Projectile Speed,Min AGI,AGI Consistency,Range,Type,Type Parameter,Physical Resistance,Fire Resistance,Ice Resistance,Thunder Resistance,Poison Resistance,Freeze Resistance,Residue Mode,Residue Orientation,Residue Image,Residue Colour,Residue Transparency,Residue Size W,Residue Size H,Residue Hitbox Size W,Residue Hitbox Size H,Residue Lifespan,Residue Disappearing Effect Time,Residue Gravity,Residue Acceleration,Residue Terrain Pierce,Residue Terrain Interaction,Residue Splash Damage,Residue Min AT,Residue Max AT,Residue Projectile Count,Second Attack Switch,EXP,Gold,ID of Drop #1,Drop Rate of Drop #1,ID of Drop #2,Drop Rate of Drop #2,ID of Drop #3,Drop Rate of Drop #3
0,1,0,1,1,3394611,10053171,10,2,1,1,4294967091,1,16,16,8,8,0,0,10,10,0,100,0,0,0,0,1,3,1,1,50,20,20,0,0,0,0,0,0,0,0,0,0,0,4278190080,1,0,0,0,0,0,0,0,0,0,0,0,0,0,0,0,100,1,7,40,189,40,19,80
1,2,0,1,1,3394815,10053171,20,2,1,1,4294967091,1,16,16,8,8,0,0,10,10,0,100,0,0,0,0,2,3,1,1,50,20,20,0,0,0,0,0,0,0,0,0,0,0,4278190080,1,0,0,0,0,0,0,0,0,0,0,0,0,0,0,0,100,3,8,15,290,15,20,40
2,3,0,2,1,13369344,10053171,50,2,1,1,4294967091,1,16,16,8,8,0,0,10,10,0,100,0,0,0,0,3,5,1,1,50,20,20,0,0,0,0,0,0,0,0,0,0,0,4278190080,1,0,0,0,0,0,0,0,0,0,0,0,0,0,0,0,100,10,9,60,60,40,21,70
3,4,0,3,1,255,10053171,40,4,0,2,4286611584,1,16,16,8,8,0,0,100,10,5,100,0,0,0,0,4,5,1,100,50,20,80,0,0,0,0,0,0,0,0,0,0,0,4278190080,1,0,0,0,0,0,0,0,0,0,0,0,0,0,0,0,100,15,10,15,77,15,22,40
4,5,0,2,2,8421504,10053171,500,3,0,2,4286611584,1,8,8,8,8,0,0,100,10,0,100,0,0,0,0,1,3,10,10,10,15,120,0,0,0,0,0,0,0,80,0,0,0,4278190080,1,0,0,0,0,0,0,0,0,0,0,0,0,0,0,0,500,100,9,3,7,5,48,10
5,5,1,4,1,3394611,3381555,50,3,1,4,4294967295,1,16,16,8,8,0,0,20,40,0,100,0,0,0,0,3,4,1,5,50,20,40,0,0,0,0,0,0,0,0,0,0,0,4278190080,1,0,0,0,0,0,0,0,0,0,0,0,0,0,0,0,100,10,13,40,0,0,23,80
6,6,1,2,1,8421504,10053171,80,3,1,4,4294967295,1,16,16,8,8,0,0,20,40,0,100,0,0,0,0,4,6,1,5,50,20,40,0,0,0,0,0,0,0,0,0,0,0,4278190080,1,0,0,0,0,0,0,0,0,0,0,0,0,0,0,0,100,20,14,20,0,0,24,60
7,7,1,4,1,13382451,10027008,90,3,1,4,4294967295,1,16,16,8,8,0,0,20,40,0,100,0,0,0,0,6,8,3,20,50,20,60,0,0,0,0,0,0,0,0,0,0,0,4278190080,1,0,0,0,0,0,0,0,0,0,0,0,0,0,0,0,100,30,12,15,78,15,25,30
8,8,1,4,2,3394611,3381555,200,3,1,4,4294967295,1,24,24,12,12,0,0,20,40,0,100,0,0,0,0,8,12,1,5,50,20,40,0,0,0,0,0,0,0,80,0,0,0,4278190080,1,0,0,0,0,0,0,0,0,0,0,0,0,0,0,0,200,30,11,15,0,0,39,50
9,8,2,4,1,16764057,13408563,60,3,1,9,4294967295,1,16,16,8,8,0,0,50,30,0,100,0,0,0,0,3,4,1,10,50,20,60,0,0,0,0,0,0,0,0,0,0,0,4278190080,1,0,0,0,0,0,0,0,0,0,0,0,0,0,0,0,100,30,15,30,0,0,26,70
10,9,0,2,1,13395456,10053171,120,2,1,1,4294967091,1,16,16,8,8,0,0,10,10,0,100,0,0,0,0,8,12,1,1,50,20,20,0,0,0,0,0,0,0,0,0,0,0,4278190080,1,0,0,0,0,0,0,0,0,0,0,0,0,0,0,0,100,30,17,30,79,40,28,80
11,10,0,3,1,6684825,13408563,110,4,0,2,4286611584,1,16,16,8,8,0,0,150,10,4,100,0,0,0,0,6,8,1,120,50,20,150,0,0,0,0,0,0,0,0,0,0,0,4278190080,1,0,0,0,0,0,0,0,0,0,0,0,0,0,0,0,100,40,18,20,0,0,19,40
12,11,2,4,1,16737792,13408563,110,3,1,9,4294967295,1,16,16,8,8,0,0,50,30,0,100,0,0,0,0,6,8,3,10,50,20,60,0,0,0,0,0,0,0,0,0,0,0,4278190080,1,0,0,0,0,0,0,0,0,0,0,0,0,0,0,0,200,50,16,20,0,0,23,40
13,12,2,4,2,8421504,10053171,500,3,1,9,4286611584,1,16,16,8,8,0,0,150,30,0,100,0,0,0,0,5,6,12,20,50,15,100,0,0,0,0,0,0,0,80,0,0,0,4278190080,1,0,0,0,0,0,0,0,0,0,0,0,0,0,0,0,800,200,16,5,0,0,40,10
14,10,3,4,1,10079232,6710886,90,1,1,2,4288269312,1,8,8,8,8,0,0,100,20,5,100,0,0,0,0,1,4,1,0,20,50,80,0,0,0,0,0,0,0,0,0,0,0,4278190080,1,0,0,0,0,0,0,0,0,0,0,0,0,0,0,0,150,40,61,20,0,0,31,80
15,10,1,2,1,6723840,6710784,200,3,1,4,4294967295,1,16,16,8,8,0,0,20,40,0,100,0,0,0,0,8,12,1,5,50,20,40,0,0,0,0,0,0,0,0,0,0,0,4278190080,1,0,0,0,0,0,0,0,0,0,0,0,0,0,0,0,150,40,0,0,0,0,33,80
16,11,2,4,1,6723840,6710784,140,3,1,9,4294967295,1,16,16,8,8,0,0,50,30,0,100,0,0,0,0,6,8,2,10,50,20,60,0,0,0,0,0,0,0,0,0,0,0,4278190080,1,0,0,0,0,0,0,0,0,0,0,0,0,0,0,0,150,50,291,20,0,0,35,80
17,12,3,4,2,10027008,3342336,160,1,1,2,4288217088,1,8,8,8,8,0,0,100,20,5,100,0,0,0,0,1,8,1,0,20,100,150,0,0,0,0,0,0,0,0,0,0,0,4278190080,1,0,0,0,0,0,0,0,0,0,0,0,0,0,0,0,150,60,190,10,0,0,36,30
18,14,3,4,3,13395456,10027008,800,3,1,2,4291585536,1,16,16,8,8,0,0,150,30,3,100,0,0,0,0,4,8,1,20,20,200,150,0,0,0,0,0,0,0,80,0,0,0,4278190080,1,0,0,0,0,0,0,0,0,0,0,0,0,0,0,0,1000,300,41,10,0,0,459,10
19,10,1,5,1,3381759,3368652,180,3,1,11,4288269567,1,16,16,8,8,0,0,20,40,0,100,0,0,0,0,4,5,1,5,50,20,40,0,0,0,0,0,0,0,0,0,0,0,4278190080,1,0,0,0,0,0,0,0,0,0,0,0,0,0,0,0,100,40,0,0,0,0,37,100
20,10,0,3,1,8421504,10053171,140,4,0,12,4294967295,1,8,8,8,8,0,0,150,10,5,100,0,0,0,0,3,6,2,100,50,20,100,0,0,0,0,0,0,0,0,0,0,0,4278190080,1,0,0,0,0,0,0,0,0,0,0,0,0,0,0,0,100,50,62,10,191,10,34,40
21,12,1,5,1,13382451,10027008,220,3,1,11,4294927974,1,16,16,8,8,0,0,200,40,0,100,0,0,0,0,3,4,1,5,20,100,150,0,0,0,0,0,0,0,0,0,0,0,4278190080,1,0,0,0,0,0,0,0,0,0,0,0,0,0,0,0,200,60,0,0,0,0,32,30
22,14,1,5,2,3381759,3368652,330,3,1,11,4288269567,1,32,32,16,16,0,0,100,40,0,100,0,0,0,0,9,15,1,10,50,20,80,0,0,0,0,0,0,0,80,0,0,0,4278190080,1,0,0,0,0,0,0,0,0,0,0,0,0,0,0,0,300,200,0,0,0,0,42,50
23,11,5,2,1,3385907,10053171,200,4,0,13,4281571635,1,16,16,8,8,0,0,150,10,5,100,0,0,0,0,1,2,2,100,50,20,100,0,0,0,0,0,0,0,0,0,0,0,4278190080,1,0,0,0,0,0,0,0,0,0,0,0,0,0,0,0,100,50,54,40,80,40,0,0
24,11,1,4,1,13369548,10053171,180,3,1,4,4294954239,1,16,16,8,8,0,0,20,40,0,100,0,0,0,0,8,12,1,5,20,20,40,0,0,0,0,0,0,0,0,0,0,0,4278190080,1,0,0,0,0,0,0,0,0,0,0,0,0,0,0,0,100,50,55,30,0,0,27,50
25,13,5,2,1,15636787,10053171,250,3,1,5,4294926352,1,16,32,16,16,0,0,40,20,-1,99,0,0,0,0,1,2,1,15,20,200,80,1,50,0,0,0,0,0,0,0,0,0,4278190080,1,0,0,0,0,0,0,0,0,0,0,0,0,0,0,0,200,70,56,15,0,0,0,0
26,15,5,2,2,10027008,10053171,1000,4,0,13,4288230195,1,16,16,8,8,0,0,200,10,5,100,0,0,0,0,2,4,9,150,50,20,150,0,0,0,0,0,0,0,80,0,0,0,4278190080,1,0,0,0,0,0,0,0,0,0,0,0,0,0,0,0,500,300,57,15,0,0,43,30
27,12,5,2,1,8421504,10053171,220,4,0,12,4288243251,1,16,16,8,8,0,0,150,10,5,100,0,0,0,0,2,5,1,100,50,20,100,0,0,0,0,0,0,0,0,0,0,0,4278190080,1,0,0,0,0,0,0,0,0,0,0,0,0,0,0,0,100,50,293,30,0,0,0,0
28,12,2,5,1,3385907,10053171,160,3,1,9,4294967295,1,16,16,8,8,0,0,50,30,0,100,0,0,0,0,6,8,3,10,50,20,60,0,0,0,0,0,0,0,0,0,0,0,4278190080,1,0,0,0,0,0,0,0,0,0,0,0,0,0,0,0,100,50,192,20,0,0,0,0
29,14,2,5,1,15636787,10053171,210,3,1,5,4294926352,1,16,32,16,16,0,0,40,20,-1,99,0,0,0,0,1,2,1,15,20,200,60,1,50,0,0,0,0,0,0,0,0,0,4278190080,1,0,0,0,0,0,0,0,0,0,0,0,0,0,0,0,200,80,63,20,0,0,0,0
30,16,5,2,3,6684825,10053171,1600,4,0,12,4284874905,1,16,16,8,8,0,0,200,10,5,100,0,0,0,0,10,12,3,100,50,20,150,0,0,0,0,0,0,0,80,0,0,0,4278190080,1,0,0,0,0,0,0,0,0,0,0,0,0,0,0,0,1000,300,0,0,0,0,44,10
31,13,5,2,1,8421504,10053171,240,4,0,13,4288243251,1,16,16,8,8,0,0,150,10,5,100,0,0,0,0,1,2,3,100,50,20,100,0,0,0,0,0,0,0,0,0,0,0,4278190080,1,0,0,0,0,0,0,0,0,0,0,0,0,0,0,0,100,50,64,20,0,0,0,0
32,12,6,1,1,3385907,10053171,120,2,1,1,4294967295,1,16,16,8,8,0,0,10,20,0,100,0,0,0,0,8,12,1,1,100,200,20,0,0,0,0,0,0,0,0,0,0,0,4278190080,1,0,0,0,0,0,0,0,0,0,0,0,0,0,0,0,100,50,65,20,0,0,0,0
33,14,6,1,1,13421619,10053171,180,1,0,14,4294967142,1,32,32,32,32,0,0,10,10,0,100,0,0,0,1,8,12,1,0,100,200,15,0,0,0,0,0,0,0,0,0,0,0,4278190080,1,0,0,0,0,0,0,0,0,0,0,0,0,0,0,0,200,80,66,20,67,20,0,0
34,16,6,2,2,15636787,10053171,1200,1,0,5,4294926352,2,32,32,32,16,0,0,200,20,50,100,0,1,0,1,1,2,1,0,20,200,150,1,50,0,0,0,0,0,80,0,0,0,4278190080,1,0,0,0,0,0,0,0,0,0,0,0,0,0,0,0,1000,400,81,5,0,0,45,10
35,14,4,4,1,13421772,10053171,200,2,1,1,4294918208,1,16,16,8,8,0,0,10,10,0,100,0,0,0,0,6,8,1,1,50,20,20,0,0,0,0,0,0,0,0,0,0,0,4278190080,1,0,0,0,0,0,0,0,0,0,0,0,0,0,0,0,100,60,68,50,0,0,38,100
36,15,4,4,1,13369344,10053171,240,4,0,2,4286611584,1,8,8,8,8,0,0,300,10,3,100,0,0,0,0,1,3,4,150,50,15,150,1,0,0,0,0,0,0,0,1,0,5,2164219920,1,16,48,12,36,50,20,0,100,0,0,0,1,2,1,0,200,90,70,20,82,20,0,0
37,14,6,1,1,15636787,10053171,160,1,0,5,4294926352,2,32,32,32,16,0,0,100,20,50,100,0,1,0,1,1,2,1,0,100,200,150,1,50,0,0,0,0,0,0,0,0,0,4278190080,1,0,0,0,0,0,0,0,0,0,0,0,0,0,0,0,100,60,69,20,0,0,0,0
38,16,4,4,2,13421772,10053171,2000,5,1,1,4294918208,1,40,16,40,8,0,0,100,20,5,99,0,0,0,0,10,20,1,0,50,300,40,0,0,0,0,0,0,0,80,0,0,0,4278190080,1,0,0,0,0,0,0,0,0,0,0,0,0,0,0,0,1000,500,71,3,0,0,47,10
39,20,4,4,3,13421772,10053171,5000,5,1,1,4294918208,1,48,16,48,8,0,0,100,20,5,99,0,0,0,0,20,40,1,0,50,300,40,0,0,0,0,0,0,0,90,0,0,0,4278190080,1,0,0,0,0,0,0,0,0,0,0,0,0,0,0,1,1000,1000,29,3,0,0,30,20
40,0,0,0,0,0,0,0,4,0,2,4286611584,1,8,8,8,8,0,0,300,10,3,100,0,0,0,0,3,4,12,200,50,15,200,1,0,0,0,0,0,0,0,1,0,5,2164219920,1,16,48,12,36,50,20,0,100,0,0,0,1,2,1,0,0,0,0,0,0,0,0,0
41,10,0,1,2,6723840,10053171,900,2,1,1,4294918208,1,32,48,48,32,0,0,10,10,0,100,0,0,0,0,10,20,1,1,50,30,40,0,0,0,0,0,0,0,0,0,0,0,4278190080,1,0,0,0,0,0,0,0,0,0,0,0,0,0,0,0,1000,30,0,0,2,1,244,20
42,10,0,1,1,3368448,6697728,90,2,1,1,4294967091,1,16,16,8,8,0,0,10,10,0,100,0,0,0,0,3,4,1,1,50,20,20,0,0,0,0,0,0,0,0,0,0,0,4278190080,1,0,0,0,0,0,0,0,0,0,0,0,0,0,0,0,100,30,0,0,0,0,0,0
43,11,0,3,1,10053120,6697728,120,4,0,2,4284900966,1,16,16,8,8,0,0,150,10,5,100,0,0,0,0,6,8,1,100,50,20,100,0,0,0,0,0,0,0,0,0,0,0,4278190080,1,0,0,0,0,0,0,0,0,0,0,0,0,0,0,0,200,40,292,20,0,0,0,0
44,13,0,3,2,13421772,6710886,900,4,0,2,4288256409,1,32,32,16,16,0,0,150,20,5,100,0,0,0,1,10,20,1,120,10,15,150,0,0,0,0,0,0,0,80,0,0,0,4278190080,1,0,0,0,0,0,0,0,0,0,0,0,0,0,0,0,1000,200,285,10,0,0,341,10
45,11,2,4,2,6710988,13408563,600,3,1,11,4281545625,1,32,32,16,16,0,0,100,40,0,100,0,0,0,0,8,16,1,10,50,30,80,0,0,0,0,0,0,0,0,0,0,0,4278190080,1,0,0,0,0,0,0,0,0,0,0,0,0,0,0,0,1000,40,0,0,2,1,243,30
46,11,2,4,1,6710988,13408563,90,3,1,11,4281545625,1,16,16,8,8,0,0,60,40,0,100,0,0,0,0,3,4,1,10,50,20,60,0,0,0,0,0,0,0,0,0,0,0,4278190080,1,0,0,0,0,0,0,0,0,0,0,0,0,0,0,0,100,40,294,20,0,0,0,0
47,12,5,4,1,6723891,10053171,230,3,1,9,4291624908,1,16,16,8,8,0,0,60,30,0,100,0,0,0,0,3,4,2,10,50,20,60,0,0,0,0,0,0,0,0,0,0,0,4278190080,1,0,0,0,0,0,0,0,0,0,0,0,0,0,0,0,100,40,295,20,0,0,0,0
48,14,2,4,2,16737792,13408563,900,3,1,11,4291585536,1,16,16,8,8,0,0,150,40,0,100,0,0,0,0,6,8,12,10,50,15,80,0,0,0,0,0,0,0,80,0,0,0,4278190080,1,0,0,0,0,0,0,0,0,0,0,0,0,0,0,0,1000,200,277,10,0,0,389,10
49,12,1,1,2,3394611,10053171,900,3,1,1,4294918208,1,16,32,16,16,0,0,40,40,0,100,0,0,0,0,15,25,1,10,50,30,40,0,0,0,0,0,0,0,0,0,0,0,4278190080,1,0,0,0,0,0,0,0,0,0,0,0,0,0,0,0,1000,50,115,10,2,1,0,0
50,12,1,5,2,3381555,6697728,900,3,1,11,4281584691,1,16,16,8,8,0,0,80,40,0,100,0,0,0,0,5,9,3,10,50,30,80,0,0,0,0,0,0,0,0,0,0,0,4278190080,1,0,0,0,0,0,0,0,0,0,0,0,0,0,0,0,1000,50,0,0,2,1,245,15
51,13,5,4,1,10027110,10053171,240,4,0,13,4288217190,1,16,16,8,8,0,0,120,10,5,100,0,0,0,0,3,4,2,100,50,20,100,0,0,0,0,0,0,0,0,0,0,0,4278190080,1,0,0,0,0,0,0,0,0,0,0,0,0,0,0,0,100,40,193,20,0,0,0,0
52,15,1,2,2,13421772,10053171,1100,3,1,4,4294967295,1,32,32,16,16,0,0,150,40,0,100,0,0,0,0,5,15,1,30,10,15,150,0,0,0,0,0,0,0,80,0,0,0,4278190080,1,0,0,0,0,0,0,0,0,0,0,0,0,0,0,0,1000,200,0,0,0,0,46,10
53,15,7,4,1,13408563,4465152,150,3,1,11,4294967295,1,16,16,8,8,0,0,40,10,0,100,0,0,0,0,6,8,1,10,50,20,40,0,0,0,0,0,0,0,0,0,0,0,4278190080,1,0,0,0,0,0,0,0,0,0,0,0,0,0,0,0,100,60,0,0,0,0,53,200
54,16,5,4,1,10027110,10053171,300,3,0,12,4291572633,1,16,16,8,8,0,0,120,10,0,100,0,0,0,0,5,7,1,10,50,20,100,0,0,0,0,0,0,0,0,0,0,0,4278190080,1,0,0,0,0,0,0,0,0,0,0,0,0,0,0,0,100,60,0,0,0,0,52,100
55,17,7,2,1,3381555,13056,300,3,1,11,4281597747,1,16,16,8,8,0,0,80,10,0,100,0,0,0,0,8,12,1,10,50,20,80,0,0,0,0,0,0,0,0,0,0,0,4278190080,1,0,0,0,0,0,0,0,0,0,0,0,0,0,0,0,200,80,0,0,0,0,51,100
56,18,7,2,2,13421772,13421772,3000,3,1,4,4294967295,1,16,16,8,8,0,0,150,40,0,100,0,0,50,0,3,5,5,20,80,100,150,0,0,0,0,0,0,0,80,0,0,0,4278190080,1,0,0,0,0,0,0,0,0,0,0,0,0,0,0,0,1000,700,49,10,0,0,406,10
57,15,1,4,1,13408563,4465152,240,3,1,4,4291598643,1,16,16,8,8,0,0,40,60,0,100,0,0,0,0,8,9,1,10,50,20,40,0,0,0,0,0,0,0,0,0,0,0,4278190080,1,0,0,0,0,0,0,0,0,0,0,0,0,0,0,0,100,50,72,20,0,0,84,60
58,16,8,6,1,3368448,10066329,260,3,0,6,4281558528,1,16,16,8,8,0,0,50,20,0,95,0,0,0,0,1,1,1,5,10,1000,500,4,10,0,0,0,0,100,0,0,0,0,4278190080,1,0,0,0,0,0,0,0,0,0,0,0,0,0,0,0,150,80,75,40,0,0,86,80
59,17,1,4,1,13382451,4465152,120,3,1,4,4291572531,1,16,16,8,8,0,0,80,60,0,100,0,0,0,0,12,15,1,10,50,20,80,0,0,0,0,0,0,0,0,0,0,0,4278190080,1,0,0,0,0,0,0,0,0,0,0,0,0,0,0,0,150,50,73,20,0,0,85,60
60,18,8,6,2,6723840,10066329,1000,4,0,12,4284913920,1,16,16,8,8,0,0,150,20,5,100,0,0,0,0,3,5,3,100,10,1000,500,0,0,0,0,0,0,100,80,0,0,0,4278190080,1,0,0,0,0,0,0,0,0,0,0,0,0,0,0,0,1000,300,74,15,83,15,104,30
61,16,2,4,1,13408563,4465152,180,3,1,9,4291598643,1,16,16,8,8,0,0,30,30,0,100,0,0,0,0,4,5,2,10,50,20,40,0,0,0,0,0,0,0,0,0,0,0,4278190080,1,0,0,0,0,0,0,0,0,0,0,0,0,0,0,0,100,50,195,20,0,0,88,60
62,17,8,6,1,6684825,10066329,280,3,0,6,4284874905,1,16,16,8,8,0,0,50,20,0,95,0,0,0,0,1,1,1,5,10,1000,500,4,15,0,0,0,0,100,0,0,0,0,4278190080,1,0,0,0,0,0,0,0,0,0,0,0,0,0,0,0,150,80,141,20,0,0,87,60
63,18,2,4,1,13382451,4465152,220,3,1,9,4291572531,1,16,16,8,8,0,0,50,30,0,100,0,0,0,0,3,4,4,15,50,20,60,0,0,0,0,0,0,0,0,0,0,0,4278190080,1,0,0,0,0,0,0,0,0,0,0,0,0,0,0,0,150,50,126,20,296,20,0,0
64,19,8,6,3,10053324,10066329,3500,4,0,12,4278216192,1,16,16,8,8,0,0,150,20,5,100,0,0,0,0,1,1,1,120,25,1000,500,4,100,0,0,0,0,100,80,3,0,6,4278216192,1,16,16,8,8,50,20,0,96,1,1,0,1,1,5,0,1000,800,128,5,105,10,460,10
65,17,0,2,1,13395456,10066329,300,2,1,1,4291585536,1,16,16,8,8,0,0,10,10,0,100,0,0,0,0,10,15,1,1,50,20,20,0,0,0,0,0,0,0,0,0,0,0,4278190080,1,0,0,0,0,0,0,0,0,0,0,0,0,0,0,0,200,40,119,20,0,0,93,60
66,18,1,6,1,10092339,10066329,240,3,1,4,4288282419,1,16,16,8,8,0,0,40,40,0,100,0,0,0,0,9,10,1,10,50,20,40,0,0,0,0,0,0,0,0,0,0,0,4278190080,1,0,0,0,0,0,0,0,0,0,0,0,0,0,0,0,200,40,118,20,0,0,102,60
67,19,1,6,1,16711680,10066329,300,3,1,9,4294901760,1,16,16,8,8,0,0,80,40,0,100,0,0,0,0,4,5,1,15,50,30,80,0,0,0,0,0,0,0,0,0,0,0,4278190080,1,0,0,0,0,0,0,0,0,0,0,0,0,0,0,0,200,90,120,15,0,0,89,50
68,20,0,2,2,16777215,10066329,4400,3,0,13,4294967295,1,16,16,8,8,0,0,150,10,0,100,0,1,0,0,4,5,10,10,15,15,150,0,0,0,0,0,0,0,80,0,0,0,4278190080,1,0,0,0,0,0,0,0,0,0,0,0,0,0,0,0,2000,700,0,0,103,10,106,10
69,20,7,4,1,16776960,13421568,77,1,0,14,4294967040,1,32,32,32,32,0,0,10,10,0,100,0,0,0,1,1,9,1,0,100,200,20,0,0,1000,100,100,100,100,90,0,0,0,4278190080,1,0,0,0,0,0,0,0,0,0,0,0,0,0,0,0,200,777,0,0,100,10,112,10
70,18,2,4,1,6684927,6710937,240,3,1,4,4284875007,1,16,16,8,8,0,0,20,40,0,100,0,0,0,0,8,10,1,5,50,30,30,0,0,0,0,0,0,0,0,0,0,0,4278190080,1,0,0,0,0,0,0,0,0,0,0,0,0,0,0,0,200,50,117,20,0,0,92,60
71,19,2,4,1,13369599,10053273,240,3,1,9,4291559679,1,16,16,8,8,0,0,40,10,0,100,0,0,0,0,4,5,2,10,50,30,40,0,0,0,0,0,0,0,0,0,0,0,4278190080,1,0,0,0,0,0,0,0,0,0,0,0,0,0,0,0,200,50,116,20,0,0,98,60
72,20,2,5,1,16711833,13408665,280,3,1,11,4294901913,1,16,16,8,8,0,0,80,10,0,100,0,0,0,0,2,4,1,15,50,30,120,0,0,0,0,0,0,0,0,0,0,0,4278190080,1,0,0,0,0,0,0,0,0,0,0,0,0,0,0,0,200,100,0,0,90,60,99,60
73,21,2,4,2,16777215,10066329,4000,3,1,9,4294967295,1,16,16,8,8,20,0,150,10,0,100,0,0,0,0,4,5,10,10,15,15,90,0,0,0,0,0,0,0,80,0,0,0,4278190080,1,0,0,0,0,0,0,0,0,0,0,0,0,0,0,0,2000,700,287,10,0,0,107,10
74,20,7,2,1,16776960,13421568,77,1,0,14,4294967040,1,32,32,32,32,0,0,10,10,0,100,0,0,0,1,1,9,1,0,100,200,20,0,0,1000,100,100,100,100,90,0,0,0,4278190080,1,0,0,0,0,0,0,0,0,0,0,0,0,0,0,0,200,777,0,0,100,10,113,10
75,19,4,4,1,13408512,13421721,300,2,1,1,4294918208,1,16,16,8,8,0,0,10,10,0,100,0,0,0,0,10,15,1,1,50,20,20,0,0,0,0,0,0,0,0,0,0,0,4278190080,1,0,0,0,0,0,0,0,0,0,0,0,0,0,0,0,200,60,127,20,0,0,91,60
76,19,2,4,1,13395456,13408614,240,3,1,9,4291585536,1,16,16,8,8,0,0,40,10,0,100,0,0,0,0,3,4,3,10,50,30,40,0,0,0,0,0,0,0,0,0,0,0,4278190080,1,0,0,0,0,0,0,0,0,0,0,0,0,0,0,0,200,60,194,20,0,0,97,60
77,21,4,4,1,13382400,13408665,300,3,1,5,4294926352,1,16,32,16,16,0,0,25,20,-1,99,0,1,0,0,2,3,1,10,20,200,40,1,80,0,0,0,0,0,0,0,0,0,4278190080,1,0,0,0,0,0,0,0,0,0,0,0,0,0,0,0,200,100,196,20,0,0,96,60
78,22,4,4,2,13382400,13408665,1000,3,1,5,4294926352,1,16,32,16,16,0,0,40,20,-1,99,0,1,0,0,4,5,1,15,20,200,80,1,80,0,0,0,0,0,80,0,0,0,4278190080,1,0,0,0,0,0,0,0,0,0,0,0,0,0,0,0,500,150,297,20,279,40,108,40
79,20,7,5,1,16776960,13421568,77,1,0,14,4294967040,1,32,32,32,32,0,0,10,10,0,100,0,0,0,1,1,9,1,0,100,200,20,0,0,1000,100,100,100,100,90,0,0,0,4278190080,1,0,0,0,0,0,0,0,0,0,0,0,0,0,0,0,200,777,0,0,100,10,114,10
80,21,0,7,1,3394611,10053171,300,2,1,11,4281584691,1,16,16,8,8,0,0,40,10,0,100,0,0,0,0,10,15,1,1,50,20,40,0,0,0,0,0,0,0,0,0,0,0,4278190080,1,0,0,0,0,0,0,0,0,0,0,0,0,0,0,0,200,80,0,0,0,0,101,60
81,22,0,7,1,3394815,10053171,300,2,1,11,4281584895,1,16,16,8,8,0,0,40,10,0,100,0,0,0,0,10,20,1,1,50,20,40,0,0,3,0,0,0,0,0,0,0,0,4278190080,1,0,0,0,0,0,0,0,0,0,0,0,0,0,0,0,200,80,125,20,0,0,0,0
82,23,0,7,1,13369344,10053171,600,4,1,12,4294926352,1,16,16,8,8,0,0,150,10,5,100,0,0,0,0,5,15,1,80,50,30,120,1,0,0,50,0,0,0,0,1,0,6,2164219920,1,32,32,16,16,10,20,0,100,0,0,1,5,15,1,0,400,120,197,10,0,0,0,0
83,22,5,7,1,255,10053171,400,3,1,13,4284887808,1,16,16,8,8,0,0,80,10,0,100,0,0,0,0,8,12,1,10,50,30,80,0,0,0,0,0,0,0,0,0,0,0,4278190080,1,0,0,0,0,0,0,0,0,0,0,0,0,0,0,0,200,90,129,20,0,0,0,0
84,24,0,7,3,8421504,10053171,4800,3,1,3,4286611584,1,16,32,16,16,0,0,150,20,5,100,0,0,0,0,8,15,3,100,30,200,150,0,0,0,0,0,0,0,80,0,0,0,4278190080,1,0,0,0,0,0,0,0,0,0,0,0,0,0,0,0,2000,900,111,10,0,0,342,10
85,22,1,7,1,13421823,10053171,330,3,1,4,4294967295,1,16,16,8,8,0,0,20,20,0,100,0,0,0,0,10,15,1,5,50,20,40,0,0,0,0,0,0,0,0,0,0,0,4278190080,1,0,0,0,0,0,0,0,0,0,0,0,0,0,0,0,200,80,121,20,0,0,0,0
86,23,1,7,1,10027008,10053171,660,3,1,4,4288217088,1,16,32,16,16,0,0,20,20,0,100,0,0,0,0,20,30,1,5,50,30,40,0,0,3,0,0,0,0,0,0,0,0,4278190080,1,0,0,0,0,0,0,0,0,0,0,0,0,0,0,0,400,120,122,10,0,0,0,0
87,22,2,7,1,13421823,10053171,280,3,0,12,4294967295,1,16,16,8,8,0,0,60,20,0,100,0,0,0,0,8,12,1,10,50,20,40,0,0,0,0,0,0,0,0,0,0,0,4278190080,1,0,0,0,0,0,0,0,0,0,0,0,0,0,0,0,200,70,123,20,0,0,0,0
88,23,2,7,1,10027008,10053171,440,3,0,12,4288217088,1,16,16,8,8,0,0,60,20,0,100,0,0,0,0,4,8,5,10,50,30,40,0,0,3,0,0,0,0,0,0,0,0,4278190080,1,0,0,0,0,0,0,0,0,0,0,0,0,0,0,0,400,110,124,10,0,0,0,0
89,25,1,7,3,8421504,10053171,5200,3,1,4,4286611584,1,16,32,16,16,0,0,150,20,10,100,0,0,0,0,8,12,5,50,30,200,150,0,0,0,0,0,0,0,80,0,0,0,4278190080,1,0,0,0,0,0,0,0,0,0,0,0,0,0,0,0,2000,900,110,10,0,0,390,10
90,23,1,8,1,65535,26214,340,3,1,4,4278255615,1,16,16,8,8,0,0,20,20,0,100,0,0,0,0,10,15,1,5,50,20,40,0,0,0,0,0,0,0,0,0,0,0,4278190080,1,0,0,0,0,0,0,0,0,0,0,0,0,0,0,0,200,80,298,20,0,0,0,0
91,23,3,8,1,65535,16777215,220,5,0,13,4278255615,1,16,16,8,8,50,0,150,10,5,100,0,0,0,0,1,5,6,0,50,30,80,0,0,0,0,0,0,0,0,0,0,0,4278190080,1,0,0,0,0,0,0,0,0,0,0,0,0,0,0,0,200,80,198,20,0,0,0,0
92,25,5,8,1,16711935,13421772,800,3,1,5,4294926352,2,16,32,16,16,0,0,150,40,0,100,1,0,0,1,4,6,3,10,50,30,150,1,80,0,0,0,0,0,0,0,0,0,4278190080,1,0,0,0,0,0,0,0,0,0,0,0,0,0,0,0,800,150,131,10,132,10,133,10
93,26,3,8,3,65535,16777215,4800,5,0,12,4278255615,1,16,16,8,8,50,0,150,10,5,100,0,0,0,0,1,9,12,0,30,200,80,0,0,0,0,0,0,0,80,0,0,0,4278190080,1,0,0,0,0,0,0,0,0,0,0,0,0,0,0,0,2000,900,246,10,0,0,109,10
94,24,0,8,1,13434726,6723840,300,4,0,13,4291624806,1,16,16,8,8,0,0,150,10,5,100,0,0,0,0,1,3,1,100,50,50,150,0,0,0,0,0,0,0,0,0,0,0,4278190080,1,0,0,0,0,0,0,0,0,0,0,0,0,0,0,0,150,40,26,30,134,50,0,0
95,24,2,7,1,13434726,6723840,200,3,1,9,4291624806,1,16,16,8,8,0,0,80,10,0,100,0,0,0,0,1,3,2,10,50,25,80,0,0,0,0,0,0,0,0,0,0,0,4278190080,1,0,0,0,0,0,0,0,0,0,0,0,0,0,0,0,150,40,26,30,135,50,0,0
96,25,4,9,1,16764006,16777164,400,5,1,10,3439316019,2,16,16,8,8,50,0,100,10,5,100,0,0,0,0,2,3,9,0,50,30,60,3,0,0,0,0,0,0,0,0,0,0,4278190080,1,0,0,0,0,0,0,0,0,0,0,0,0,0,0,0,300,80,91,20,136,30,0,0
97,27,4,9,2,16764006,16777164,6000,5,1,10,4294954035,2,32,32,16,16,0,0,100,10,30,100,0,0,0,0,30,50,1,0,20,200,40,3,0,0,0,0,0,0,80,0,0,0,4278190080,1,0,0,0,0,0,0,0,0,0,0,0,0,0,0,0,2000,900,130,10,0,0,407,10
98,26,7,7,1,13421823,10066380,400,3,1,4,4291611903,1,16,16,8,8,0,0,40,10,0,100,0,0,0,0,10,18,1,5,50,20,40,0,0,0,0,0,0,0,0,0,0,0,4278190080,1,0,0,0,0,0,0,0,0,0,0,0,0,0,0,0,200,90,199,30,0,0,146,90
99,26,9,7,1,16764159,10053273,300,3,0,12,4294954239,1,16,16,8,8,0,0,80,10,0,100,0,0,0,0,10,15,1,10,50,20,80,0,0,0,0,0,0,0,0,0,0,0,4278190080,1,0,0,0,0,0,0,0,0,0,0,0,0,0,0,0,200,90,137,30,0,0,143,80
100,28,9,8,1,16711884,3342387,450,3,0,15,4294901964,1,16,16,8,8,0,0,200,10,0,98,0,1,0,0,10,15,1,5,50,50,150,0,0,0,0,0,0,0,0,0,0,0,4278190080,1,0,0,0,0,0,0,0,0,0,0,0,0,0,0,0,400,130,140,10,0,0,0,0
101,29,9,7,2,16764006,16777164,7000,3,0,15,4278190080,1,32,32,16,16,0,10,500,10,0,90,0,1,0,0,20,40,1,100,20,50,150,0,0,0,0,0,0,0,80,0,0,0,4278190080,1,0,0,0,0,0,0,0,0,0,0,0,0,0,0,0,2000,900,138,5,0,0,172,10
102,27,5,8,1,3368448,13056,400,3,1,11,4288269312,1,16,16,4,4,0,0,300,10,0,100,0,0,0,0,6,8,1,2,100,15,80,0,0,0,0,0,0,0,0,0,0,0,4278190080,1,0,0,0,0,0,0,0,0,0,0,0,0,0,0,0,150,90,139,50,0,0,145,200
103,27,7,7,1,16764159,10053273,420,3,1,4,4294954239,1,16,16,8,8,0,0,40,10,0,100,0,0,0,0,12,18,1,5,50,20,40,0,0,0,0,0,0,0,0,0,0,0,4278190080,1,0,0,0,0,0,0,0,0,0,0,0,0,0,0,0,200,100,299,10,0,0,144,50
104,29,0,8,1,16711884,3342387,480,3,1,17,4294901964,1,16,16,8,8,0,0,200,10,0,100,0,0,0,0,10,15,1,15,50,50,150,0,0,0,0,0,0,0,0,0,0,0,4278190080,1,0,0,0,0,0,0,0,0,0,0,0,0,0,0,0,400,130,142,10,0,0,147,50
105,30,5,8,3,10027008,3342336,8000,3,1,11,4291585638,1,16,16,4,4,0,10,500,10,0,100,0,0,0,0,10,22,15,3,50,15,180,0,0,0,0,0,0,0,80,0,0,0,4278190080,1,0,0,0,0,0,0,0,0,0,0,0,0,0,0,0,2000,900,174,10,0,0,461,10
106,28,7,7,1,21916,21916,400,3,1,13,1610612736,1,16,16,4,4,0,0,100,10,0,100,0,0,0,0,3,4,1,3,50,20,60,0,0,0,0,0,0,0,0,0,0,0,4278190080,1,0,0,0,0,0,0,0,0,0,0,0,0,0,0,0,150,90,301,30,0,0,151,80
107,28,7,2,1,8421504,6697728,500,3,1,3,4278190080,1,16,16,8,8,0,0,100,10,0,100,0,0,0,0,12,18,1,15,50,20,80,0,0,0,0,0,0,0,0,0,0,0,4278190080,1,0,0,0,0,0,0,0,0,0,0,0,0,0,0,0,200,100,0,0,150,40,152,40
108,30,9,10,1,13382400,0,500,3,1,5,4294926352,2,16,32,16,16,0,0,150,40,0,100,1,0,0,1,6,9,1,10,50,30,150,1,80,0,0,0,0,0,0,0,0,0,4278190080,1,0,0,0,0,0,0,0,0,0,0,0,0,0,0,0,400,150,0,0,148,30,149,30
109,31,9,7,2,21916,21916,2000,3,1,17,1073741824,1,16,16,4,4,0,0,300,10,0,100,0,0,0,0,10,22,2,10,50,20,180,0,0,0,0,0,0,0,80,0,0,0,4278190080,1,0,0,0,0,0,0,0,0,0,0,0,0,0,0,0,1000,300,248,20,0,0,171,50
110,32,7,7,1,15658496,13421568,500,1,0,14,4293848576,1,16,16,16,16,0,0,50,20,0,100,0,0,0,0,1,9,1,0,25,100,20,3,0,0,0,0,100,0,0,0,0,0,4278190080,1,0,0,0,0,0,0,0,0,0,0,0,0,0,0,0,250,150,182,20,0,0,186,60
111,32,7,10,1,8421504,2105376,600,3,1,17,4278190233,1,16,16,8,8,0,0,100,10,0,100,0,0,0,0,5,10,1,15,50,20,80,0,0,0,0,0,-100,0,0,0,0,0,4278190080,1,0,0,0,0,0,0,0,0,0,0,0,0,0,0,0,250,120,178,30,201,30,184,80
112,33,7,10,2,8421504,2105376,800,3,1,17,4278229248,1,32,32,16,16,0,0,150,10,0,100,1,0,0,0,10,20,1,10,50,20,150,0,0,0,0,0,-100,0,0,0,0,0,4278190080,1,0,0,0,0,0,0,0,0,0,0,0,0,0,0,0,500,200,179,10,0,0,185,30
113,36,7,10,4,8421504,2105376,12000,3,1,17,4288217088,1,48,48,24,24,0,0,300,10,0,100,0,0,0,0,20,40,1,15,50,20,180,0,0,0,0,0,-100,0,80,3,0,6,2151677952,1,16,16,8,8,100,10,0,99,0,0,0,10,20,9,0,3000,999,308,10,0,0,175,10
114,40,9,7,4,13421772,8388608,40000,3,0,7,4291611903,1,32,32,24,24,0,20,400,10,0,95,0,1,40,0,5,5,1,40,50,300,200,5,2500,0,0,0,0,0,90,0,0,0,4278190080,1,0,0,0,0,0,0,0,0,0,0,0,0,0,0,1,4000,4000,94,5,0,0,95,20
115,0,0,0,0,0,0,0,3,1,5,4294926352,2,24,48,24,24,0,0,300,40,0,100,1,0,0,1,3,5,3,10,50,300,300,1,80,0,0,0,0,0,0,0,0,0,4278190080,1,0,0,0,0,0,0,0,0,0,0,0,0,0,0,0,0,0,0,0,0,0,0,0
116,29,8,7,1,16777164,16764057,800,6,0,13,4294954137,1,16,16,4,4,0,10,200,10,3,99,0,0,0,0,6,8,6,25,200,1000,500,0,0,10,-100,0,0,100,0,0,0,0,4278190080,1,0,0,0,0,0,0,0,0,0,0,0,0,0,0,0,200,120,155,20,0,0,168,80
117,29,5,7,1,16777164,10053171,800,4,1,3,4288243251,1,16,16,8,8,50,0,200,10,4,100,0,0,0,0,14,18,1,160,100,20,80,0,0,0,-100,50,50,50,0,0,0,0,4278190080,1,0,0,0,0,0,0,0,0,0,0,0,0,0,0,0,200,120,157,30,300,30,164,80
118,31,2,8,1,3394560,3381504,300,3,0,6,4281571584,1,16,16,8,8,0,0,250,20,0,100,0,0,0,0,1,1,1,2,300,25,80,4,50,0,0,0,0,0,0,0,0,0,4278190080,1,0,0,0,0,0,0,0,0,0,0,0,0,0,0,0,400,90,153,10,0,0,167,50
119,33,8,7,3,16777164,16764057,11000,706,0,12,4294954137,1,16,16,8,8,30,0,300,10,3,99,0,0,0,0,33,33,23,40,100,1000,500,0,0,30,-100,50,50,100,80,0,0,0,4278190080,1,0,0,0,0,0,0,0,0,0,0,0,0,0,0,0,2500,300,170,10,0,0,343,10
120,30,2,7,1,16763955,13382400,400,3,1,9,4294954035,1,16,16,8,8,0,0,100,20,0,100,0,0,0,0,3,4,3,10,50,30,40,0,0,0,0,0,0,0,0,0,0,0,4278190080,1,0,0,0,0,0,0,0,0,0,0,0,0,0,0,0,200,50,158,30,0,0,161,100
121,31,3,7,1,16763955,13382400,400,3,1,9,4291572480,1,16,16,8,8,0,0,100,20,0,100,0,0,0,0,3,4,5,10,50,30,60,0,0,0,0,0,0,0,0,0,0,0,4278190080,1,0,0,0,0,0,0,0,0,0,0,0,0,0,0,0,200,50,154,30,0,0,162,100
122,31,5,7,1,13382400,3355443,800,7,0,0,4278190080,1,16,16,8,8,0,0,100,10,0,100,0,0,0,0,-2,0,1,0,300,30,500,0,0,0,0,0,0,0,0,0,0,0,4278190080,1,0,0,0,0,0,0,0,0,0,0,0,0,0,0,0,400,100,156,10,200,10,0,0
123,34,5,7,2,13382400,3355443,8000,7,0,0,4278190080,1,16,16,8,8,0,0,100,10,0,100,0,0,0,0,-2,0,5,0,100,8,500,0,0,0,0,0,0,0,80,0,0,0,4278190080,1,0,0,0,0,0,0,0,0,0,0,0,0,0,0,0,2500,300,281,10,0,0,177,10
124,31,6,8,1,39168,13056,80,1,0,6,4278216192,1,32,32,16,16,0,0,50,20,0,100,0,0,0,0,1,1,1,0,100,200,20,4,50,0,0,0,0,100,0,0,0,0,4278190080,1,0,0,0,0,0,0,0,0,0,0,0,0,0,0,0,200,130,180,30,0,0,166,120
125,32,4,7,1,10066176,3355443,180,4,0,12,4288217088,1,16,16,8,8,0,0,1000,10,4,100,0,0,0,0,10,10,1,150,50,30,60,0,0,-10,0,0,0,0,0,4,0,5,4294926352,2,16,32,16,32,100,10,4,98,0,1,0,6,9,5,0,200,140,181,20,0,0,163,80
126,32,8,9,1,10066176,3355443,300,8003,1,9,4288230144,1,16,16,8,8,0,20,200,10,0,100,1,0,20,0,8,16,2,20,200,1000,500,0,0,-10,0,0,0,100,0,0,0,0,4278190080,1,0,0,0,0,0,0,0,0,0,0,0,0,0,0,0,400,150,183,20,0,0,165,80
127,35,5,9,3,10066176,3355443,9000,4003,1,9,4288230144,1,16,16,8,8,0,0,200,10,0,100,0,0,0,0,50,60,7,13,100,50,200,0,0,-10,0,0,0,0,80,0,0,0,4278190080,1,0,0,0,0,0,0,0,0,0,0,0,0,0,0,0,2500,400,247,10,0,0,176,10
128,33,10,8,1,13369548,13421772,1000,3,1,4,4291559628,1,16,16,8,8,0,0,10,10,1,100,0,0,0,0,1,1,1,5,10,100,20,0,0,0,0,0,0,0,0,0,0,0,4278190080,1,0,0,0,0,0,0,0,0,0,0,0,0,0,0,0,300,10,152,50,0,0,187,200
129,36,10,8,2,13369548,13421772,10000,1003,1,9,4291559628,1,16,16,8,8,20,0,200,10,0,100,0,0,0,0,1,1,7,20,10,100,200,0,0,0,0,0,0,0,0,0,0,0,4278190080,1,0,0,0,0,0,0,0,0,0,0,0,0,0,0,0,3000,10,173,10,169,10,391,10
130,38,10,11,1,15449209,4210752,600,3,1,4,4293639289,1,16,16,8,8,0,0,10,10,1,100,0,0,0,0,1,3,1,5,10,100,20,0,0,0,0,0,0,0,0,0,0,0,4278190080,1,0,0,0,0,0,0,0,0,0,0,0,0,0,0,0,300,150,202,30,208,30,302,30
131,39,1,11,1,15449209,13599032,600,4,1,3,4291789112,1,16,16,8,8,0,20,200,10,5,100,0,0,0,0,1,1,5,80,50,20,80,0,0,0,0,0,0,0,0,0,0,0,4278190080,1,0,0,0,0,0,0,0,0,0,0,0,0,0,0,0,300,160,205,30,206,30,0,80
132,40,0,12,1,6710886,3355443,1000,3,1,18,4294967040,1,16,16,4,4,0,0,500,10,0,100,1,0,0,0,20,40,1,10,200,30,200,3,0,20,0,0,0,0,0,0,0,0,4278190080,1,0,0,0,0,0,0,0,0,0,0,0,0,0,0,0,500,200,203,10,207,10,0,50
133,42,0,12,3,6710886,3355443,15000,3,1,18,4294967040,1,16,16,16,16,0,0,300,10,0,100,0,0,0,0,1,1,1,40,5,1000,250,3,0,30,0,0,0,0,80,0,0,0,4278190080,1,0,0,0,0,0,0,0,0,0,0,0,0,0,0,0,3000,1000,204,5,0,0,237,10
134,38,2,11,1,15449209,13599032,400,3,1,4,4293639289,1,16,16,8,8,0,0,10,10,0,100,0,0,0,0,1,3,1,5,10,100,20,0,0,0,0,0,0,0,0,0,0,0,4278190080,1,0,0,0,0,0,0,0,0,0,0,0,0,0,0,0,200,150,218,40,0,0,0,80
135,41,3,12,1,13382451,16737894,500,3,1,18,4294901760,1,16,16,4,4,0,0,500,10,0,100,1,0,0,0,6,9,9,10,200,20,120,1,100,0,100,-50,0,0,-50,0,0,0,4278190080,1,0,0,0,0,0,0,0,0,0,0,0,0,0,0,0,500,160,0,10,0,0,210,50
136,41,6,12,1,6710886,11184810,1000,1,0,14,4294967295,1,32,32,32,32,0,0,10,10,0,100,0,0,0,1,10,10,1,0,200,20,20,0,0,30,50,80,-100,50,80,0,0,0,4278190080,1,0,0,0,0,0,0,0,0,0,0,0,0,0,0,0,300,200,0,20,0,0,209,80
137,43,0,12,3,6710886,3355443,15000,404,1,3,2162932857,1,16,16,4,4,0,0,300,10,8,100,0,0,0,0,1,7,30,120,50,30,250,0,0,30,0,0,0,0,80,0,0,0,4278190080,1,0,0,0,0,0,0,0,0,0,0,0,0,0,0,0,3000,1100,250,10,0,0,238,10
138,39,11,13,1,10079232,39168,400,3,1,9,4288269312,1,16,16,4,4,0,5,200,10,0,100,0,0,0,0,1,3,9,20,50,1000,500,0,0,0,0,0,0,0,0,0,0,0,4278190080,1,0,0,0,0,0,0,0,0,0,0,0,0,0,0,0,300,50,303,30,0,0,211,100
139,39,11,13,1,13395711,13408563,400,103,1,9,4291585791,1,16,16,4,4,30,0,200,10,0,100,0,0,0,0,1,3,3,20,50,1000,500,0,0,0,0,0,0,0,0,0,0,0,4278190080,1,0,0,0,0,0,0,0,0,0,0,0,0,0,0,0,300,50,220,30,0,0,212,100
140,42,11,11,1,16737843,10027008,600,3,1,18,4294927923,1,16,16,4,4,0,0,500,10,0,100,1,0,0,0,10,10,1,10,50,1000,500,1,100,0,0,0,0,0,0,0,0,0,4278190080,1,0,0,0,0,0,0,0,0,0,0,0,0,0,0,0,500,200,0,10,0,0,213,50
141,44,11,13,2,15658496,47872,2500,3,1,10,4293848576,2,16,24,8,8,0,0,300,10,0,100,0,0,0,0,1,9,1,80,5,1000,500,3,0,0,0,0,0,0,80,0,0,0,4278190080,1,0,0,0,0,0,0,0,0,0,0,0,0,0,0,0,1000,800,214,20,0,0,239,50
142,40,2,11,1,16737843,13599032,500,3,1,5,4294926352,2,16,32,16,16,0,0,100,40,0,100,1,0,0,0,4,6,1,10,50,30,40,1,50,0,0,0,0,0,0,0,0,0,4278190080,1,0,0,0,0,0,0,0,0,0,0,0,0,0,0,0,300,180,217,30,0,0,0,80
143,40,11,13,1,13421772,13408614,450,103,1,9,4291611852,1,16,16,4,4,30,0,200,10,0,100,0,0,0,0,1,4,3,20,50,1000,500,0,0,0,0,0,0,0,0,0,0,0,4278190080,1,0,0,0,0,0,0,0,0,0,0,0,0,0,0,0,300,50,216,30,0,0,0,80
144,43,10,13,1,16737843,6710886,1000,4,0,12,4288217088,1,16,16,8,8,0,0,200,10,5,100,0,0,0,0,1,3,1,100,50,30,150,1,50,0,0,0,0,0,0,1,0,5,2164219920,1,16,32,12,32,200,20,0,100,0,0,0,1,3,1,0,500,200,215,30,0,0,0,80
145,45,10,13,2,16737843,10027008,16000,4,1,12,4288217088,1,16,16,8,8,0,0,300,10,5,100,0,0,0,0,4,6,9,100,50,100,150,1,50,0,0,0,0,0,80,1,0,5,2164219920,1,16,32,12,32,200,20,0,100,0,0,0,1,3,1,0,3000,1200,219,5,0,0,240,10
146,44,10,13,2,16724736,6697728,8000,3,1,16,4294914816,2,16,16,8,8,0,0,500,10,0,100,1,0,0,0,10,10,3,10,250,30,200,1,100,0,0,0,0,0,0,0,0,0,4278190080,1,0,0,0,0,0,0,0,0,0,0,0,0,0,0,0,3000,1500,0,30,2,1,221,40
147,44,11,13,2,13421568,10053120,9000,3,1,9,4291611648,1,32,32,8,8,0,0,200,10,0,100,0,0,0,0,20,40,1,20,100,1000,500,0,0,0,0,0,0,0,0,0,0,0,4278190080,1,0,0,0,0,0,0,0,0,0,0,0,0,0,0,0,3000,500,0,30,2,1,222,40
148,41,9,11,1,3394815,26265,1000,4,0,12,4281584895,1,16,16,8,8,0,0,200,10,5,100,0,0,0,0,1,9,1,80,50,30,80,0,0,0,50,0,0,0,0,0,0,0,4278190080,1,0,0,0,0,0,0,0,0,0,0,0,0,0,0,0,300,100,224,20,252,20,225,20
149,46,4,11,1,16777164,16764006,1000,4,0,13,3439329228,2,16,16,8,8,0,20,200,10,15,100,0,0,0,0,5,5,1,40,25,100,80,0,0,0,0,0,0,0,80,0,0,0,4278190080,1,0,0,0,0,0,0,0,0,0,0,0,0,0,0,0,300,200,223,99,304,99,241,450
150,42,9,11,1,13421823,10053375,600,3,0,7,4291611903,1,16,16,8,8,0,10,100,10,0,95,0,1,0,0,5,5,1,20,50,30,80,5,250,0,0,100,0,0,100,0,0,0,4278190080,1,0,0,0,0,0,0,0,0,0,0,0,0,0,0,0,300,150,227,30,0,0,233,80
151,43,9,13,1,10079283,10053120,700,3,0,6,4288269363,1,16,16,8,8,0,0,100,10,0,100,0,1,0,0,1,1,1,5,50,20,100,4,8,0,0,0,0,100,0,0,0,0,4278190080,1,0,0,0,0,0,0,0,0,0,0,0,0,0,0,0,300,180,0,30,0,0,234,80
152,45,9,12,1,13382451,16751001,800,3,1,6,4294926352,2,16,24,8,8,0,0,50,10,0,95,1,0,0,0,2,3,1,10,10,100,50,1,50,0,100,0,0,0,0,0,0,0,4278190080,1,0,0,0,0,0,0,0,0,0,0,0,0,0,0,0,300,200,0,30,0,0,235,80
153,47,9,12,2,16777062,3355443,18000,3,0,2,4294967142,2,16,16,8,8,0,0,200,10,0,100,0,0,0,0,20,50,1,40,50,100,250,3,0,0,0,0,100,0,80,2,0,15,4294967142,1,16,16,8,8,50,10,0,0,0,0,0,1,9,30,0,3000,200,229,3,236,10,310,10
154,44,12,7,1,16777215,3342438,1200,2,1,15,4294967295,1,16,16,8,8,0,0,40,40,0,100,0,0,0,0,11,15,1,1,50,30,20,0,0,0,-100,0,0,0,0,0,0,0,4278190080,1,0,0,0,0,0,0,0,0,0,0,0,0,0,0,0,300,66,228,30,0,0,0,80
155,44,2,4,1,16777215,3342438,1000,3,1,9,4294967295,1,16,16,8,8,0,0,100,10,0,100,0,0,0,0,9,11,1,10,50,30,40,0,0,0,-100,0,0,0,0,0,0,0,4278190080,1,0,0,0,0,0,0,0,0,0,0,0,0,0,0,0,300,66,230,30,0,0,0,80
156,46,12,8,1,10027008,13056,666,1,0,6,4284874803,1,16,16,4,4,0,0,200,20,0,100,0,0,0,0,1,1,1,0,10,100,500,4,66,0,-100,0,0,0,0,0,0,0,4278190080,1,0,0,0,0,0,0,0,0,0,0,0,0,0,0,0,500,666,231,10,305,10,251,20
157,48,12,4,2,16777215,16777215,18000,4,1,6,4284874803,1,16,20,8,8,50,0,1000,20,0,100,0,0,0,0,6,6,6,1000,350,1000,500,4,66,0,0,0,0,0,80,0,0,0,4278190080,1,0,0,0,0,0,0,0,0,0,0,0,0,0,0,0,3000,666,226,5,232,5,242,10
158,44,12,11,1,16777215,3342438,1200,3,1,18,4294967295,1,8,12,8,8,0,0,40,40,0,100,0,0,0,0,11,15,1,10,50,30,40,0,0,0,-100,0,0,0,0,0,0,0,4278190080,1,0,0,0,0,0,0,0,0,0,0,0,0,0,0,0,300,66,255,40,0,0,0,80
159,45,2,13,1,10066431,153,800,3,1,9,4284901119,1,16,16,8,8,10,0,100,10,0,100,0,0,0,0,1,1,3,10,50,30,40,5,250,0,0,100,0,0,100,0,0,0,4278190080,1,0,0,0,0,0,0,0,0,0,0,0,0,0,0,0,300,200,254,30,0,0,0,80
160,47,1,13,1,16736272,13369344,1200,1,0,5,4294926352,2,12,32,8,16,0,0,200,20,8,100,0,1,0,0,3,4,1,0,10,100,500,1,50,0,100,0,0,0,0,0,0,0,4278190080,1,0,0,0,0,0,0,0,0,0,0,0,0,0,0,0,500,300,256,20,257,20,0,20
161,49,1,13,2,16760848,13395456,19000,1,0,6,4294938640,2,28,28,16,16,0,0,500,20,0,100,1,0,0,0,3,4,1,0,10,100,500,1,50,0,100,0,0,0,80,0,0,0,4278190080,1,0,0,0,0,0,0,0,0,0,0,0,0,0,0,0,3000,666,283,10,0,0,249,10
162,50,12,11,3,4340274,4469538,80000,104,1,6,2164219920,2,16,20,12,12,50,0,100,10,-1,99,0,1,0,0,6,6,50,40,300,100,60,1,50,0,0,0,0,0,90,0,0,0,4278190080,1,0,0,0,0,0,0,0,0,0,0,0,0,0,0,1,6000,3000,159,5,0,0,160,20
163,0,0,0,0,0,0,0,4,1,3,4284874803,1,16,16,8,8,0,0,1000,10,8,100,0,0,0,0,1,1,1,80,150,50,500,4,66,0,0,0,0,0,0,2,0,6,4284874854,2,16,16,8,8,66,20,0,86,0,0,0,1,1,30,0,0,0,0,20,0,0,0,100
164,45,10,7,1,16763955,13382400,1000,3,1,4,4294954035,1,16,16,8,8,0,0,10,10,1,100,0,0,0,0,2,3,1,5,10,100,20,0,0,0,0,0,0,0,0,0,0,0,4278190080,1,0,0,0,0,0,0,0,0,0,0,0,0,0,0,0,300,150,253,30,0,0,0,100
165,48,10,7,2,13382400,3355443,5000,7,0,0,4278190080,1,16,16,8,8,0,0,100,10,0,100,0,0,0,0,-1,0,1,0,50,30,500,0,0,50,50,50,50,50,0,0,0,0,4278190080,1,0,0,0,0,0,0,0,0,0,0,0,0,0,0,0,1000,300,258,20,306,20,2,1
166,47,5,12,1,6710886,13408614,1200,4,0,2,4284900966,1,16,16,8,8,0,0,200,10,8,100,0,0,0,0,40,50,1,100,50,20,200,0,0,0,0,0,0,0,0,0,0,0,4278190080,1,0,0,0,0,0,0,0,0,0,0,0,0,0,0,0,500,300,259,10,0,0,0,20
167,50,5,12,2,6684672,13408614,18000,4,0,2,4284900966,1,16,16,8,8,0,0,200,10,8,100,0,0,0,0,40,50,1,100,50,30,500,1,0,0,0,0,0,0,80,3,0,6,2164219920,2,16,16,8,8,200,40,0,90,0,2,1,8,12,10,0,3000,1500,268,10,0,0,392,10
168,47,10,4,1,13382400,4467234,800,3,1,9,4291572480,1,16,16,8,8,0,0,60,10,0,100,0,0,0,0,5,10,1,10,50,30,60,0,0,50,0,0,0,0,0,0,0,0,4278190080,1,0,0,0,0,0,0,0,0,0,0,0,0,0,0,0,350,200,0,30,0,0,260,150
169,48,3,8,1,12303155,13421772,800,1,1,17,4290493235,1,16,16,8,8,0,0,100,10,5,100,0,0,0,0,5,10,1,0,50,30,200,0,0,0,0,0,0,50,0,0,0,0,4278190080,1,0,0,0,0,0,0,0,0,0,0,0,0,0,0,0,350,300,0,20,0,0,264,80
170,49,7,14,2,13421772,2237064,3000,1,0,14,4291611852,1,32,32,24,24,0,50,60,10,0,100,1,0,0,0,80,90,1,0,50,20,40,0,0,0,0,50,0,0,50,0,0,0,4278190080,1,0,0,0,0,0,0,0,0,0,0,0,0,0,0,0,550,500,0,10,0,0,262,20
171,51,7,14,3,13421772,2237064,20000,4,0,14,4291572531,1,64,64,56,56,0,100,110,10,0,95,1,0,0,1,150,200,1,20,50,30,300,0,0,0,0,50,0,0,80,0,0,0,4278190080,1,0,0,0,0,0,0,0,0,0,0,0,0,0,0,0,4000,1500,269,10,0,0,462,10
172,48,2,5,1,6737100,13107,900,3,1,17,4278242355,1,16,16,8,8,0,0,300,10,0,100,0,0,0,0,10,20,1,4,50,30,80,0,0,0,0,0,0,0,0,0,0,0,4278190080,1,0,0,0,0,0,0,0,0,0,0,0,0,0,0,0,350,250,0,20,0,0,265,80
173,49,3,5,1,10066431,13421772,900,1,1,17,4281545727,1,16,16,8,8,0,0,200,10,3,100,0,0,0,0,10,20,1,0,50,30,200,0,0,0,0,0,0,0,0,0,0,0,4278190080,1,0,0,0,0,0,0,0,0,0,0,0,0,0,0,0,350,250,0,20,0,0,263,80
174,50,13,14,1,13421772,3355443,1000,3,1,17,4294967295,1,16,16,8,8,0,0,100,10,0,100,0,0,0,0,1,5,1,15,20,50,150,0,0,0,0,0,0,0,0,0,0,0,4278190080,1,0,0,0,0,0,0,0,0,0,0,0,0,0,0,0,550,500,0,20,0,0,267,80
175,52,13,14,1,13395456,6697728,3000,3,1,18,4294914816,1,16,16,8,8,0,0,500,10,0,100,0,0,0,0,1,5,1,6,20,50,150,1,100,0,0,0,0,0,80,0,0,0,4278190080,1,0,0,0,0,0,0,0,0,0,0,0,0,0,0,0,1500,1000,261,40,0,0,266,40
176,51,1,12,9,15449209,13599032,2000,0,0,0,4278190080,1,16,16,8,8,0,0,100,10,0,100,0,0,0,0,0,0,1,0,0,0,200,0,0,100,100,100,100,100,100,0,0,0,4278190080,1,0,0,0,0,0,0,0,0,0,0,0,0,0,0,0,550,2000,0,10,0,0,322,20
177,49,7,11,1,7914239,35839,1100,3,1,16,4294967295,1,16,16,8,8,0,0,100,10,0,100,0,0,0,0,10,20,1,15,50,30,60,0,0,0,0,0,0,0,0,0,0,0,4278190080,1,0,0,0,0,0,0,0,0,0,0,0,0,0,0,0,350,250,0,20,0,0,0,80
178,50,5,14,1,39168,3355443,1400,3,1,16,4281584691,1,16,16,8,8,0,0,200,10,0,100,0,0,0,0,1,1,1,15,50,20,200,4,8,0,0,0,0,0,0,0,0,0,4278190080,1,0,0,0,0,0,0,0,0,0,0,0,0,0,0,0,350,250,0,20,0,0,0,80
179,53,13,14,1,16763904,13408512,5000,3,1,10,4294967142,1,16,16,8,8,0,0,500,10,0,100,0,0,0,0,1,99,1,30,50,30,300,3,0,0,0,0,0,0,80,0,0,0,4278190080,1,0,0,0,0,0,0,0,0,0,0,0,0,0,0,0,4000,1500,344,10,0,0,408,10
180,51,2,15,1,6710886,3355443,1200,3,1,11,4288256409,1,8,16,8,8,0,0,100,10,0,100,0,0,0,0,5,10,1,10,50,30,50,0,0,0,0,0,0,0,0,0,0,0,4278190080,1,0,0,0,0,0,0,0,0,0,0,0,0,0,0,0,400,300,312,90,0,0,0,100
181,53,2,15,1,13382451,6684672,1400,3,1,18,4291572531,1,8,16,8,8,0,0,500,10,0,100,0,2,0,0,10,20,1,10,100,100,80,1,50,0,0,0,0,0,0,0,0,0,4278190080,1,0,0,0,0,0,0,0,0,0,0,0,0,0,0,0,400,300,313,10,0,0,0,30
182,53,3,15,1,6723891,3355443,1400,3,1,11,4284913971,1,8,16,8,8,0,0,500,10,0,100,0,0,0,0,1,1,1,2,300,100,200,4,100,0,0,0,0,0,0,0,0,0,4278190080,1,0,0,0,0,0,0,0,0,0,0,0,0,0,0,0,400,300,314,10,0,0,0,30
183,55,2,15,2,13369344,6710886,22000,3,1,18,4291559424,1,8,16,8,8,0,0,1500,10,0,100,0,2,0,0,10,20,3,10,100,50,80,1,50,0,0,0,0,0,80,0,0,0,4278190080,1,0,0,0,0,0,0,0,0,0,0,0,0,0,0,0,5000,1500,315,3,0,0,358,10
184,52,9,15,1,6724044,3368601,1000,7203,0,15,4281545523,1,16,16,8,8,0,0,100,10,0,100,0,2,0,0,1,9,4,15,50,30,60,0,0,0,0,0,0,0,0,0,0,0,4278190080,1,0,0,0,0,0,0,0,0,0,0,0,0,0,0,0,400,300,0,10,0,0,320,20
185,52,2,15,1,13421772,6710886,1400,3,1,11,4288256409,1,8,16,8,8,0,0,100,10,0,100,0,0,0,0,5,10,1,10,50,30,50,0,0,0,0,0,0,0,0,0,0,0,4278190080,1,0,0,0,0,0,0,0,0,0,0,0,0,0,0,0,400,300,316,90,0,0,0,100
186,53,12,15,1,13408767,3342438,3600,2,1,15,4291598847,1,16,16,8,8,0,0,40,40,0,100,0,0,0,0,10,40,1,1,50,20,20,0,0,0,-100,0,0,0,0,0,0,0,4278190080,1,0,0,0,0,0,0,0,0,0,0,0,0,0,0,0,400,66,317,30,0,0,0,50
187,54,12,15,1,6723840,13056,3666,3,0,6,4284913920,1,16,16,4,4,0,0,1000,20,0,100,0,2,0,0,1,1,1,1,10,100,500,4,6,0,-100,0,0,0,0,0,0,0,4278190080,1,0,0,0,0,0,0,0,0,0,0,0,0,0,0,0,600,666,318,10,0,0,0,30
188,56,12,15,2,10027008,6697779,26000,3,1,18,4291559424,1,8,16,8,8,0,0,1500,10,0,100,0,2,0,0,10,20,5,10,100,50,300,1,50,0,0,0,0,0,80,0,0,0,4278190080,1,0,0,0,0,0,0,0,0,0,0,0,0,0,0,0,5000,1500,319,5,0,0,356,10
189,56,9,15,3,6724044,3368601,55000,7203,0,15,4281545523,1,24,24,16,16,0,0,200,10,0,100,0,2,0,0,15,45,4,15,50,50,60,0,0,0,0,0,0,0,80,0,0,0,4278190080,1,0,0,0,0,0,0,0,0,0,0,0,0,0,0,0,5500,5500,321,1,0,0,0,10
190,54,2,15,1,6723840,13056,1600,3,0,6,4278216192,1,16,16,4,4,0,0,200,20,0,100,0,0,0,0,1,1,1,2,50,30,80,4,10,0,0,0,0,100,0,0,0,0,4278190080,1,0,0,0,0,0,0,0,0,0,0,0,0,0,0,0,400,300,0,50,0,0,325,150
191,54,2,15,1,16737792,10040064,1600,3,0,13,4294927872,1,16,16,4,4,0,0,200,10,0,100,0,0,0,0,1,1,1,15,50,20,80,1,50,0,100,0,0,0,0,1,0,5,2164219920,1,16,32,12,24,100,20,5,100,0,1,0,3,4,1,0,400,300,0,50,0,0,324,150
192,54,2,15,1,16777062,6710784,1600,3,1,10,4294967193,1,16,16,4,4,0,0,200,10,0,100,0,0,0,0,1,9,1,20,50,20,40,3,0,0,0,0,100,0,0,0,0,0,4278190080,1,0,0,0,0,0,0,0,0,0,0,0,0,0,0,0,400,300,0,50,0,0,326,150
193,57,5,15,2,10027008,6697779,28000,3,1,18,4291559424,1,8,16,8,8,0,0,1500,10,0,100,0,2,0,0,10,20,7,10,100,50,300,1,50,0,0,0,0,0,80,0,0,0,4278190080,1,0,0,0,0,0,0,0,0,0,0,0,0,0,0,0,5000,1500,0,5,0,0,357,10
194,53,9,15,1,16777062,3355443,1000,0,0,15,4278190080,1,16,16,16,16,0,0,100,10,0,100,0,0,0,0,0,0,0,10,50,50,80,0,0,10000,100,100,100,100,100,0,0,0,4278190080,1,0,0,0,0,0,0,0,0,0,0,0,0,0,0,0,400,9999,0,5,0,0,0,10
195,55,1,7,1,16777215,11059400,2000,3,1,4,4294967295,1,16,16,8,8,0,0,20,40,0,100,0,0,0,0,5,5,1,5,50,20,40,0,0,0,0,0,0,0,0,0,0,0,4278190080,1,0,0,0,0,0,0,0,0,0,0,0,0,0,0,0,500,300,328,90,0,0,0,100
196,56,0,3,1,6710886,3355443,1600,4,0,2,4281545523,1,16,16,12,12,0,10,1000,10,8,100,0,0,0,0,10,50,1,80,50,20,150,0,0,50,0,0,0,0,0,0,0,0,4278190080,1,0,0,0,0,0,0,0,0,0,0,0,0,0,0,0,500,500,330,15,0,0,327,30
197,57,0,3,1,11059400,4931105,1600,4,1,16,4289249480,1,16,16,8,8,0,10,1000,10,5,100,0,0,0,0,5,5,1,100,50,20,150,2,50,0,0,0,0,0,0,0,0,0,4278190080,1,0,0,0,0,0,0,0,0,0,0,0,0,0,0,0,500,400,332,20,0,0,323,40
198,59,0,3,2,16777215,3355443,30000,4,0,2,4294967295,1,32,32,24,24,0,10,300,10,5,100,0,1,0,1,100,500,1,120,250,50,300,0,0,0,0,0,0,0,90,0,0,0,4278190080,1,0,0,0,0,0,0,0,0,0,0,0,0,0,0,0,6000,2000,329,3,0,0,354,10
199,56,4,16,1,16777215,16777215,1100,4,0,13,4294967295,1,16,16,8,8,0,0,1000,10,5,100,0,0,0,0,5,5,1,40,50,20,40,0,0,0,0,0,0,0,0,0,0,0,4278190080,1,0,0,0,0,0,0,0,0,0,0,0,0,0,0,0,500,100,333,90,0,0,0,100
200,57,4,16,2,10066329,16777215,2200,4,0,2,4288256409,1,16,16,12,12,0,0,1000,10,2,100,0,0,0,0,15,15,1,160,50,20,80,0,0,0,0,0,0,0,0,0,0,0,4278190080,1,0,0,0,0,0,0,0,0,0,0,0,0,0,0,0,500,200,334,30,0,0,0,60
201,58,4,16,3,14527231,16777215,3300,4,0,2,4292717311,1,16,16,12,12,0,0,500,40,2,100,0,2,0,0,30,30,1,160,150,20,160,0,0,0,0,0,0,0,0,0,0,0,4278190080,1,0,0,0,0,0,0,0,0,0,0,0,0,0,0,0,1000,300,335,20,0,0,0,40
202,60,4,16,4,16777215,16777215,33000,4,0,2,4294967295,1,32,32,24,24,0,0,1200,10,1,100,0,2,0,1,300,300,1,320,250,50,320,0,0,0,0,0,0,0,90,0,0,0,4278190080,1,0,0,0,0,0,0,0,0,0,0,0,0,0,0,0,6000,500,331,5,0,0,355,10
203,57,5,13,1,10035746,3355443,2000,4,0,12,4288256409,1,16,16,8,8,0,0,1000,10,2,100,0,0,0,0,1,3,1,200,10,50,80,0,0,10000,0,100,100,100,100,0,0,0,4278190080,1,0,0,0,0,0,0,0,0,0,0,0,0,0,0,0,500,300,0,50,0,0,336,150
204,57,5,13,1,10066176,3355443,2000,6,0,13,4284900966,1,16,16,8,8,0,0,1000,10,1,100,0,0,0,0,1,3,5,15,50,50,80,0,0,10000,100,100,0,100,100,0,0,0,4278190080,1,0,0,0,0,0,0,0,0,0,0,0,0,0,0,0,500,300,0,50,0,0,337,150
205,59,6,13,1,3355545,3355443,1000,1,0,6,2164219920,1,16,16,12,12,0,0,20,20,0,100,0,0,0,0,2,3,1,0,5,500,200,1,50,10000,100,0,100,100,100,0,0,0,4278190080,1,0,0,0,0,0,0,0,0,0,0,0,0,0,0,0,1000,1000,0,20,0,0,339,10
206,61,6,16,2,10066329,10066329,35000,6,0,15,4288256409,1,16,16,16,16,0,90,100,10,5,95,0,1,0,0,50,100,10,20,250,20,80,0,0,0,100,100,100,100,100,0,0,0,4278190080,1,0,0,0,0,0,0,0,0,0,0,0,0,0,0,0,6000,500,338,10,0,0,340,10
207,61,14,7,1,10035746,6710886,1500,1,0,12,4288256409,1,16,16,8,8,0,0,1000,10,5,100,0,0,0,0,1,1,1,0,10,50,60,1,50,0,100,100,100,100,100,1,0,5,2164219920,2,16,32,16,32,300,20,0,0,0,0,0,1,1,1,0,500,500,0,50,0,0,373,200
208,61,4,16,1,6710886,10035746,2500,1,0,5,2164219920,2,16,32,16,32,0,0,200,20,10,100,0,1,0,0,1,1,1,0,10,200,80,1,50,0,100,100,100,100,100,0,0,0,4278190080,1,0,0,0,0,0,0,0,0,0,0,0,0,0,0,0,500,500,0,50,0,0,370,200
209,63,0,3,2,6710886,10035746,35000,4,0,2,4288256409,1,16,16,16,16,0,0,1000,10,5,100,0,0,0,0,33,33,1,120,200,20,200,1,50,0,100,100,100,100,100,6,0,5,2164219920,2,16,32,16,32,50,20,20,95,0,1,0,3,6,30,0,5000,5000,0,20,2,1,369,20
210,65,14,7,2,10035746,6710886,30000,1,0,2,4288256409,1,16,16,16,16,0,0,1000,10,5,100,0,0,0,0,66,66,1,0,50,20,80,1,50,0,100,100,100,100,100,6,0,5,2164219920,2,16,32,16,32,500,20,20,95,0,1,0,3,6,30,0,6500,5000,0,5,0,0,375,5
211,70,13,2,2,10040115,3355443,20000,104,1,6,2164219920,2,16,20,12,12,30,0,100,10,-1,99,0,1,0,0,3,4,30,40,300,100,60,1,50,0,100,0,0,0,100,0,0,0,4278190080,1,0,0,0,0,0,0,0,0,0,0,0,0,0,0,0,8000,9999,403,4,0,0,0,5
212,70,13,5,2,3355545,3355443,20000,3,0,7,4291611903,1,32,32,24,24,0,20,200,10,0,95,0,1,40,0,5,5,1,40,50,100,200,5,500,0,0,100,0,0,100,0,0,0,4278190080,1,0,0,0,0,0,0,0,0,0,0,0,0,0,0,0,8000,9999,383,4,0,0,0,5
213,70,13,9,2,10066227,3355443,20000,3,0,2,4294967142,2,16,16,8,8,0,0,200,10,0,100,0,0,0,0,1,50,1,40,100,100,250,3,0,0,0,0,100,0,100,2,0,15,4294967142,1,16,16,8,8,50,10,0,0,0,0,0,1,9,30,0,8000,9999,402,4,0,0,0,5
214,70,13,6,2,3381555,3355443,20000,4,1,3,4284874803,1,16,16,8,8,0,0,1000,10,8,100,0,0,0,0,1,1,1,80,200,50,500,4,66,0,0,0,0,100,100,2,0,6,4284874854,2,16,16,8,8,66,20,0,86,0,0,0,1,1,30,0,8000,9999,404,4,0,0,0,5
215,58,2,15,1,10066278,16777164,800,3,1,9,4294967244,1,16,16,8,8,0,0,50,10,0,100,0,0,0,0,5,15,1,10,50,20,40,0,0,0,0,0,0,0,0,0,0,0,4278190080,1,0,0,0,0,0,0,0,0,0,0,0,0,0,0,0,250,100,0,50,0,0,0,100
216,58,10,15,1,6723993,13434879,800,3,1,4,4291624959,1,16,16,8,8,0,0,10,10,0,100,0,0,0,0,5,15,1,5,50,20,20,0,0,0,0,0,0,0,0,0,0,0,4278190080,1,0,0,0,0,0,0,0,0,0,0,0,0,0,0,0,250,100,0,50,0,0,0,100
217,60,5,8,1,13369599,10066380,2400,3,1,4,4284901119,1,16,16,8,8,0,0,300,40,0,100,0,0,0,0,10,30,3,10,50,30,180,2,50,0,0,100,0,0,80,0,0,0,4278190080,1,0,0,0,0,0,0,0,0,0,0,0,0,0,0,0,2000,1000,346,10,0,0,352,10
218,62,3,16,2,16777215,10027008,38000,4,0,2,4286611584,1,16,16,16,16,0,0,300,10,3,100,0,0,0,0,10,10,1,200,50,15,350,1,50,0,50,0,0,0,90,1,0,5,3439288336,1,16,48,16,48,1000,20,0,100,0,0,0,6,9,1,0,6000,1000,359,10,0,0,463,10
219,59,5,13,2,16777011,3355392,25000,5,1,10,4294967091,2,16,32,8,32,0,0,500,10,2,100,0,0,0,0,1,29,1,0,5,100,180,3,0,0,0,0,100,0,0,0,0,0,4278190080,1,0,0,0,0,0,0,0,0,0,0,0,0,0,0,0,5000,999,348,20,2,1,349,20
220,60,8,14,2,17408,14548957,25000,3,0,13,4278255360,1,16,16,4,4,0,0,500,10,0,100,0,2,0,0,1,1,32,5,50,1000,500,4,3,0,0,0,0,100,0,0,0,0,4278190080,1,0,0,0,0,0,0,0,0,0,0,0,0,0,0,0,5000,2500,345,20,2,1,0,40
221,61,10,11,2,6710886,13421772,25000,104,1,6,2164219920,2,16,20,12,12,50,0,100,10,-1,99,0,1,0,0,2,3,50,40,250,1,60,1,50,0,100,0,0,0,80,0,0,0,4278190080,1,0,0,0,0,0,0,0,0,0,0,0,0,0,0,0,5000,5000,351,20,2,1,0,40
222,63,4,16,1,16777215,10027008,38000,3,1,1,4288217088,1,8,8,8,8,0,0,100,10,0,100,0,0,0,0,5,5,1,10,5,1000,150,0,0,0,0,0,0,0,90,0,0,0,4278190080,1,0,0,0,0,0,0,0,0,0,0,0,0,0,0,0,6500,2000,347,3,350,3,353,10
223,60,3,7,1,16764108,10053222,900,3,0,12,4294954188,1,16,16,8,8,0,0,1000,10,0,100,0,0,0,0,5,15,1,2,50,20,100,0,0,0,0,0,0,0,0,0,0,0,4278190080,1,0,0,0,0,0,0,0,0,0,0,0,0,0,0,0,500,150,361,50,0,0,0,100
224,61,3,13,1,16711782,6684723,900,1,1,17,4294901862,1,16,16,8,8,0,0,1000,10,5,100,0,0,0,0,10,10,1,0,30,200,120,0,0,0,0,0,0,0,0,0,0,0,4278190080,1,0,0,0,0,0,0,0,0,0,0,0,0,0,0,0,500,400,365,50,0,0,0,100
225,62,0,3,2,13421823,6710886,25000,4,0,7,4291611903,2,16,16,12,12,0,0,1000,10,5,100,0,0,0,0,5,5,9,150,250,20,300,5,1500,0,100,0,0,0,80,0,0,0,4278190080,1,0,0,0,0,0,0,0,0,0,0,0,0,0,0,0,5000,5000,360,20,2,1,363,20
226,64,5,14,2,13421823,16711782,30000,3,0,2,4291611903,2,16,16,8,8,0,300,300,10,0,100,0,2,0,0,0,0,1,10,50,50,300,2,20,0,0,0,0,0,90,2,1,4,4291611903,2,8,16,8,8,80,10,0,100,0,0,0,5,10,30,0,6500,3000,0,5,0,0,368,10
227,63,0,3,1,16751001,6697779,2500,4,0,12,4294914867,1,16,16,8,8,0,10,1000,10,3,100,0,0,0,0,10,30,1,200,200,1000,1000,0,0,0,0,0,0,0,0,0,0,0,4278190080,1,0,0,0,0,0,0,0,0,0,0,0,0,0,0,0,500,150,362,90,0,0,0,100
228,63,0,3,1,13395507,6697728,2500,4,0,13,4288243251,1,16,16,8,8,0,10,1000,10,3,100,0,0,0,0,1,5,7,200,200,1000,1000,0,0,0,0,0,0,0,0,0,0,0,4278190080,1,0,0,0,0,0,0,0,0,0,0,0,0,0,0,0,500,150,367,60,0,0,0,100
229,63,5,10,1,16763904,10053120,2500,3,1,17,4294953984,1,16,16,8,8,0,0,1000,10,0,100,0,0,0,0,5,15,1,5,400,1000,1000,0,0,0,0,0,0,0,0,0,0,0,4278190080,1,0,0,0,0,0,0,0,0,0,0,0,0,0,0,0,500,150,366,40,0,0,0,80
230,66,4,16,1,13395507,16763904,6000,2,1,17,4294914867,1,16,16,8,8,0,0,1000,10,0,100,0,0,0,0,5,15,1,15,300,1000,1000,0,0,0,0,0,0,0,90,0,0,0,4278190080,1,0,0,0,0,0,0,0,0,0,0,0,0,0,0,0,650,1000,364,30,0,0,393,100
231,64,8,13,1,3355647,10066380,1000,3,1,16,4291611903,1,16,16,8,8,0,0,1000,10,0,100,0,0,0,0,5,5,1,5,200,1000,500,5,1000,0,0,0,0,0,0,0,0,0,4278190080,1,0,0,0,0,0,0,0,0,0,0,0,0,0,0,0,550,100,0,50,0,0,371,100
232,65,1,14,9,16777215,3355494,40000,4,1,17,4288221457,1,32,48,32,32,0,50,500,10,3,100,0,0,0,0,10,50,1,200,150,20,300,1,50,0,0,0,0,0,0,3,0,6,3439288336,2,16,16,16,16,80,20,0,90,0,2,0,6,9,50,0,5500,550,0,20,2,1,372,20
233,63,1,16,1,16750848,10053120,3000,3,1,4,4281584691,1,16,16,8,8,0,0,20,20,0,100,0,0,0,0,5,20,1,5,50,50,40,0,0,0,0,0,0,0,0,0,0,0,4278190080,1,0,0,0,0,0,0,0,0,0,0,0,0,0,0,0,550,200,0,50,0,0,374,200
234,67,1,16,9,16777164,13408512,60000,4,1,17,4284901017,1,32,48,32,32,0,50,1000,10,3,100,0,0,0,0,10,50,1,200,150,20,300,5,1800,0,0,0,0,0,90,3,1,9,4291624959,2,16,16,16,16,50,20,0,90,0,2,0,5,15,50,0,7000,1000,0,5,0,0,376,10
235,65,1,15,1,16777215,10066380,2000,2,0,13,4284900966,1,16,16,8,8,0,0,500,10,0,100,0,0,0,0,2,3,1,5,50,30,200,0,0,0,0,0,0,0,0,0,0,0,4278190080,1,0,0,0,0,0,0,0,0,0,0,0,0,0,0,0,550,150,394,90,0,0,400,90
236,66,1,15,1,16777079,7829367,2000,5,1,10,4294967091,2,16,16,8,16,0,0,500,10,1,98,0,0,0,0,1,29,1,0,50,20,200,3,0,0,0,0,0,0,0,0,0,0,4278190080,1,0,0,0,0,0,0,0,0,0,0,0,0,0,0,0,550,150,395,90,0,0,401,90
237,67,5,8,2,16750848,10040064,15000,203,0,2,3439288336,2,16,16,8,8,0,0,1000,10,0,100,0,0,0,0,5,10,30,5,150,30,500,1,50,0,0,0,0,0,0,0,0,0,4278190080,1,0,0,0,0,0,0,0,0,0,0,0,0,0,0,0,2000,3000,396,15,397,15,399,15
238,69,5,8,3,16763955,16750848,30000,3,1,16,4294926352,2,32,32,24,24,0,0,1000,10,0,99,1,0,200,0,5,20,1,5,300,20,500,1,50,0,0,0,0,0,95,0,0,0,4278190080,1,0,0,0,0,0,0,0,0,0,0,0,0,0,0,0,3000,3000,398,10,0,0,409,20
239,64,14,15,1,26316,10066380,3000,1,1,9,4291611903,1,16,20,4,20,0,0,200,10,5,100,0,1,0,0,5,5,1,0,50,50,500,2,25,0,0,50,0,0,80,0,0,0,4278190080,1,0,0,0,0,0,0,0,0,0,0,0,0,0,0,0,550,500,0,30,0,0,385,50
240,65,1,5,2,16777215,3355494,15000,104,0,12,4294967295,1,16,16,8,8,30,50,300,10,3,100,0,0,0,0,10,30,5,200,150,20,500,0,0,0,0,50,0,0,80,0,0,0,4278190080,1,0,0,0,0,0,0,0,0,0,0,0,0,0,0,0,550,1500,0,20,0,0,386,30
241,66,5,8,2,16776960,6710886,15000,1,1,18,4294967057,2,7,32,8,32,0,0,40,10,50,100,0,1,0,0,1,99,1,0,5,250,80,3,0,0,0,50,0,0,80,0,0,0,4278190080,1,0,0,0,0,0,0,0,0,0,0,0,0,0,0,0,550,2000,0,20,2,1,387,50
242,68,8,14,3,16777215,26316,65000,104,1,9,4278216396,1,16,20,8,8,200,0,500,10,3,100,0,0,0,0,25,50,30,200,150,1000,500,0,0,0,0,50,0,0,100,1,1,9,4278216396,2,16,20,4,20,500,10,5,100,0,1,0,25,50,1,0,7000,3000,0,5,0,0,388,10
243,70,10,13,4,2368552,4931105,250000,4,1,17,4291607446,1,32,32,8,8,0,25,200,10,8,100,0,0,0,0,100,200,1,80,50,100,100,0,0,0,0,100,0,0,100,3,1,6,4283121185,1,16,16,8,8,50,40,0,94,0,2,0,8,8,15,1,8000,8000,377,10,379,10,381,10
244,0,0,0,0,0,0,0,6406,1,3,4291611903,2,16,16,8,8,0,25,2000,10,0,100,0,2,0,0,25,50,2,10,100,100,500,5,500,0,0,0,0,0,0,0,0,0,4278190080,1,0,0,0,0,0,0,0,0,0,0,0,0,0,0,0,0,0,0,20,0,0,0,100
245,66,5,17,1,6710886,3355443,9000,0,0,1,4294967295,1,16,16,8,8,0,0,10,10,0,100,0,0,0,0,1,1,1,0,50,20,100,0,0,0,0,0,0,0,0,0,0,0,4278190080,1,0,0,0,0,0,0,0,0,0,0,0,0,0,0,0,300,300,413,60,0,0,0,80
246,68,14,17,1,13421772,6710886,2000,1,1,17,4283121185,1,16,16,4,4,0,0,500,10,2,100,0,0,0,0,20,30,1,0,50,30,200,0,0,0,0,0,0,0,0,0,0,0,4278190080,1,0,0,0,0,0,0,0,0,0,0,0,0,0,0,0,600,200,412,50,0,0,0,80
247,68,0,17,1,13421772,6710886,3000,2,1,17,4291572480,1,16,16,4,4,0,0,1000,10,0,100,0,0,0,0,10,20,1,5,50,30,500,0,0,0,0,0,0,0,0,0,0,0,4278190080,1,0,0,0,0,0,0,0,0,0,0,0,0,0,0,0,600,200,415,60,0,0,0,80
248,71,5,17,2,16724991,10027212,70000,4,0,12,4294915071,1,16,16,8,8,0,0,1000,10,2,100,0,2,0,0,50,60,1,150,10,50,500,0,0,0,0,0,0,0,95,0,0,0,4278190080,1,0,0,0,0,0,0,0,0,0,0,0,0,0,0,0,6000,3000,414,3,0,0,0,20
249,67,7,19,1,16751103,13434726,3000,3,1,4,4278190182,1,16,16,8,8,0,0,40,20,0,100,0,0,0,0,20,30,1,5,50,30,40,0,0,0,0,0,0,0,0,0,0,0,4278190080,1,0,0,0,0,0,0,0,0,0,0,0,0,0,0,0,300,300,416,90,0,0,0,80
250,68,10,18,1,13395558,6697779,5000,3,0,13,4281545523,1,16,16,4,4,0,0,80,20,0,100,0,0,0,0,7,13,1,10,20,200,80,0,0,0,100,0,0,0,0,0,0,0,4278190080,1,0,0,0,0,0,0,0,0,0,0,0,0,0,0,0,450,300,411,60,0,0,0,80
251,69,9,19,1,13421619,6723840,6000,4,1,14,4294967142,1,16,16,8,8,20,60,120,10,2,100,0,0,0,0,1,45,10,50,50,30,250,3,0,0,100,100,0,0,95,0,0,0,4278190080,1,0,0,0,0,0,0,0,0,0,0,0,0,0,0,0,600,300,410,20,0,0,0,40
252,72,9,19,2,16777164,13408767,75000,1,0,15,4280427042,1,24,24,16,16,0,80,1000,20,1,92,0,0,0,0,1,90,1,0,10,200,500,0,0,0,100,100,0,0,95,0,0,0,4278190080,1,0,0,0,0,0,0,0,0,0,0,0,0,0,0,0,6000,3000,417,3,0,0,0,20
253,69,5,17,1,16737843,6710784,9000,104,0,13,4294941030,1,16,16,4,4,40,0,200,10,3,100,0,0,0,0,10,20,10,150,200,30,80,0,0,0,0,0,0,100,0,0,0,0,4278190080,1,0,0,0,0,0,0,0,0,0,0,0,0,0,0,0,600,400,0,50,0,0,419,100
254,69,8,7,1,16751001,16777164,9000,6,0,13,4294967244,1,16,16,4,4,0,10,200,10,3,99,0,0,0,0,20,30,6,25,200,1000,500,0,0,0,0,0,0,100,0,0,0,0,4278190080,1,0,0,0,0,0,0,0,0,0,0,0,0,0,0,0,600,400,0,50,0,0,418,100
255,70,14,18,1,13382604,6697728,9000,1,0,12,4284874905,1,16,16,8,8,0,0,500,40,1,98,0,0,0,0,8,8,1,0,15,200,500,4,50,0,0,0,0,100,0,0,0,0,4278190080,1,0,0,0,0,0,0,0,0,0,0,0,0,0,0,0,600,800,0,10,0,0,421,20
256,73,6,18,2,13421619,10053120,120000,104,0,13,4284913920,1,16,16,4,4,50,0,300,10,3,100,0,0,0,0,8,8,10,200,150,30,500,4,50,0,0,0,0,100,95,3,1,6,4291611648,1,16,16,8,8,1000,40,0,99,0,2,0,8,8,3,0,6000,4000,0,5,0,0,464,10
257,70,15,8,1,6750003,3368448,10000,3,0,13,4284887808,1,16,16,4,4,0,0,100,10,0,100,0,0,0,0,8,9,1,5,50,20,60,0,0,0,-50,0,0,100,0,0,0,0,4278190080,1,0,0,0,0,0,0,0,0,0,0,0,0,0,0,0,600,100,0,80,0,0,420,100
258,70,15,8,2,6750003,3368448,30000,4,0,12,4284926976,1,16,16,8,8,0,0,300,10,3,100,0,0,0,0,1,1,1,150,100,20,180,4,40,0,-50,0,0,100,0,0,0,0,4278190080,1,0,0,0,0,0,0,0,0,0,0,0,0,0,0,0,600,500,0,50,0,0,422,80
259,74,15,8,3,6750003,3368448,150000,4,0,2,4288217292,1,16,16,8,8,0,0,500,10,3,100,0,0,0,0,8,8,1,200,150,30,500,4,50,0,0,0,0,100,95,0,0,0,4278190080,1,0,0,0,0,0,0,0,0,0,0,0,0,0,0,0,6000,5000,0,5,0,0,423,10
260,71,4,17,1,16737792,16750899,9000,4,0,12,4294926352,2,16,16,4,4,0,20,100,10,20,100,0,0,0,0,6,8,1,40,50,50,80,1,50,10000,-600,100,100,100,100,1,0,5,2164219920,2,16,32,16,32,100,20,0,0,0,0,0,6,8,1,0,600,500,0,50,0,0,424,100
261,71,4,17,1,13421568,16777164,9000,4,1,10,4294967091,2,16,16,4,4,0,20,100,10,20,100,0,0,0,0,1,15,1,40,50,50,80,3,0,10000,100,100,-600,100,100,0,0,0,4278190080,1,0,0,0,0,0,0,0,0,0,0,0,0,0,0,0,600,500,0,50,0,0,425,100
262,71,4,17,1,6724095,13209,9000,4,1,9,4284914175,2,16,16,4,4,0,20,100,10,20,100,0,0,0,0,4,5,1,40,50,50,80,2,50,10000,100,-600,100,100,0,0,0,0,4278190080,1,0,0,0,0,0,0,0,0,0,0,0,0,0,0,0,600,500,0,50,0,0,427,80
263,75,4,19,2,6710886,16777215,120000,806,1,17,4284900966,1,16,16,4,4,40,20,300,10,10,99,0,0,0,0,20,30,16,50,50,100,500,0,0,-100,100,100,100,100,100,0,0,0,4278190080,1,0,0,0,0,0,0,0,0,0,0,0,0,0,0,0,6000,5000,426,5,0,0,428,5
264,73,1,12,9,4210752,13421568,8000,4,1,18,4294967056,2,16,16,8,8,0,500,500,10,3,100,0,0,0,0,0,0,1,150,150,50,500,3,0,99999,100,100,100,100,100,1,0,18,4294967057,2,64,500,40,500,10,10,0,0,1,0,1,1,9999,1,0,1200,7000,430,10,432,10,434,10
265,72,2,12,1,16764006,16777164,5000,3,1,9,4288243200,1,16,16,4,4,0,0,500,10,0,100,0,0,0,0,6,9,1,2,50,50,80,0,0,0,0,0,0,0,0,0,0,0,4278190080,1,0,0,0,0,0,0,0,0,0,0,0,0,0,0,0,600,500,431,80,0,0,0,80
266,72,15,12,1,6736947,16777164,10000,1,0,9,4288243200,1,16,16,4,16,0,0,200,10,5,100,0,1,0,0,6,9,1,0,50,50,500,0,0,0,0,0,0,0,0,0,0,0,4278190080,1,0,0,0,0,0,0,0,0,0,0,0,0,0,0,0,600,500,429,80,0,0,0,80
267,76,1,12,9,4210752,10027008,12000,2,1,18,4294910480,2,32,64,64,4,0,0,1000,10,0,100,1,0,0,1,10,10,1,5,250,50,500,1,50,99999,100,100,100,100,100,0,0,0,4278190080,1,0,0,0,0,0,0,0,0,0,0,0,0,0,0,0,6000,7000,433,6,435,6,436,6
268,74,16,18,1,10027212,13421823,10000,3,0,13,4284874905,1,16,16,4,4,0,0,250,10,0,100,0,0,0,0,1,1,1,5,10,100,100,0,0,0,0,0,0,0,0,0,0,0,4278190080,1,0,0,0,0,0,0,0,0,0,0,0,0,0,0,0,700,70,0,50,437,99,438,100
269,77,16,18,2,13369548,13421823,150000,4803,0,12,4288217241,1,16,16,4,4,0,0,500,10,0,100,0,2,0,0,1,1,3,10,5,1000,400,0,0,0,0,0,0,0,0,0,0,0,4278190080,1,0,0,0,0,0,0,0,0,0,0,0,0,0,0,0,7000,77,0,10,439,10,440,10
270,74,4,20,1,13421772,6710886,15000,2,1,19,4294967295,1,8,16,16,16,0,0,10,10,0,100,0,0,0,0,10,15,1,1,50,20,20,0,0,0,0,0,0,0,0,0,0,0,4278190080,1,0,0,0,0,0,0,0,0,0,0,0,0,0,0,0,800,100,0,80,0,0,445,300
271,75,4,20,1,13382400,4473924,10000,104,1,6,4294926352,2,8,8,8,8,6,0,50,10,-1,99,0,1,0,0,5,8,3,40,10,500,40,1,50,0,0,0,0,0,0,0,0,0,4278190080,1,0,0,0,0,0,0,0,0,0,0,0,0,0,0,0,800,200,0,10,0,0,443,20
272,75,0,20,1,3355443,8921600,25000,4,1,17,4294926352,1,24,16,8,8,0,500,500,10,3,100,0,0,0,0,0,0,1,150,250,50,500,1,50,0,0,0,0,0,0,6,0,5,2164219920,2,16,32,16,32,100,20,5,99,0,1,0,3,5,9,0,800,200,0,10,0,0,444,20
273,78,0,20,3,3355443,8921600,150000,1604,1,17,4294926352,1,24,16,8,8,0,0,500,10,3,100,0,0,0,0,10,15,3,150,50,10,500,1,50,0,0,0,0,0,100,6,0,5,2164219920,2,16,32,16,32,100,20,5,99,0,1,0,3,5,9,0,8000,500,441,5,0,0,442,10
274,75,16,20,1,13421772,6710886,10000,3,1,19,4294967295,1,6,6,8,8,0,0,80,10,0,100,0,0,0,0,1,9,1,5,50,20,60,0,0,0,0,0,0,0,0,0,0,0,4278190080,1,0,0,0,0,0,0,0,0,0,0,0,0,0,0,0,800,300,2,2,446,300,447,300
275,77,1,18,2,16776960,6697728,90000,6,1,19,3439329041,2,16,16,16,16,0,20,200,10,0,96,0,0,500,0,1,33,9,50,50,50,40,3,0,0,0,0,100,0,0,0,0,0,4278190080,1,0,0,0,0,0,0,0,0,0,0,0,0,0,0,0,800,5000,451,5,0,0,448,20
276,77,5,13,2,13434624,3355392,90000,3,1,18,4291624755,2,8,8,8,8,0,0,200,10,0,100,0,0,0,0,1,33,1,30,9,250,300,3,0,0,0,0,100,0,0,0,0,0,4278190080,1,0,0,0,0,0,0,0,0,0,0,0,0,0,0,0,800,5000,449,20,0,0,450,20
277,79,5,20,3,3355443,16772608,180000,3,1,19,4294962688,2,8,8,8,8,0,0,300,10,0,100,0,0,500,0,1,33,1,30,4,250,500,3,0,0,0,0,100,0,100,0,0,0,4278190080,1,0,0,0,0,0,0,0,0,0,0,0,0,0,0,0,8000,5000,0,5,0,0,465,10
278,76,11,20,1,13421772,6714227,15000,4,1,19,4288256409,1,8,8,4,4,0,0,200,10,5,100,0,0,0,0,9,12,1,120,50,1000,500,0,0,0,0,0,0,0,0,0,0,0,4278190080,1,0,0,0,0,0,0,0,0,0,0,0,0,0,0,0,800,300,453,80,0,0,0,100
279,78,11,20,3,10079487,6714227,90000,4503,1,19,3432631551,2,12,12,8,8,0,0,200,10,0,100,0,2,0,0,1,1,5,20,5,1000,500,5,500,0,0,0,0,0,100,0,0,0,4278190080,1,0,0,0,0,0,0,0,0,0,0,0,0,0,0,0,4000,4000,452,10,0,0,0,20
280,76,1,17,1,13382400,6714227,15000,3,1,6,4294926352,2,16,16,8,8,0,0,50,10,-1,99,1,0,0,0,3,6,1,5,20,40,40,1,50,0,0,0,0,0,0,0,0,0,4278190080,1,0,0,0,0,0,0,0,0,0,0,0,0,0,0,0,800,300,454,80,0,0,0,100
281,80,0,17,3,13382400,6714227,180000,1,0,2,4294926368,2,32,32,24,24,0,0,2000,10,0,100,1,0,500,0,3,6,1,0,500,1000,500,1,100,0,0,0,0,0,100,0,0,0,4278190080,1,0,0,0,0,0,0,0,0,0,0,0,0,0,0,0,8000,6000,0,5,0,0,467,10
282,77,17,17,1,43520,4469538,15000,3,1,12,4278233600,2,16,16,8,8,0,0,200,10,0,100,1,0,0,0,6,9,1,10,50,20,100,0,0,0,0,0,0,0,0,0,0,0,4278190080,1,0,0,0,0,0,0,0,0,0,0,0,0,0,0,0,800,500,455,60,0,0,0,100
283,77,17,20,1,39355,2245700,15000,4,1,19,4278229435,2,8,8,8,8,0,0,200,10,5,100,1,0,0,0,9,12,1,120,50,20,200,0,0,0,0,0,0,0,0,0,0,0,4278190080,1,0,0,0,0,0,0,0,0,0,0,0,0,0,0,0,800,500,457,60,0,0,0,100
284,79,17,11,1,13382400,3355443,15000,3,0,6,4294926352,2,16,16,8,8,0,0,200,10,0,98,1,0,0,0,2,3,1,20,10,200,120,1,50,0,0,0,0,0,0,0,0,0,4278190080,1,0,0,0,0,0,0,0,0,0,0,0,0,0,0,0,800,1500,458,40,0,0,0,20
285,81,5,13,3,13408563,4469538,200000,4,1,17,4291598643,2,16,16,8,8,10,0,1000,10,1,100,0,0,0,0,9,12,30,200,100,50,500,0,0,0,0,0,0,0,100,0,0,0,4278190080,1,0,0,0,0,0,0,0,0,0,0,0,0,0,0,0,8000,7000,456,5,0,0,468,10
286,79,4,12,2,4473924,5592405,90000,4,1,17,4284900966,1,80,64,16,16,0,0,200,10,4,100,0,0,0,0,100,200,1,100,200,20,100,0,0,0,100,100,100,100,100,0,0,0,4278190080,1,0,0,0,0,0,0,0,0,0,0,0,0,0,0,0,800,9999,2,2,471,20,0,100
287,79,4,12,2,4473924,4473924,90000,6,1,3,4288243251,1,16,16,8,8,0,0,200,10,4,100,0,0,0,0,60,90,10,30,200,20,200,0,0,0,100,100,100,100,100,0,0,0,4278190080,1,0,0,0,0,0,0,0,0,0,0,0,0,0,0,0,800,9999,2,2,472,20,0,100
288,79,4,12,2,4473924,3355443,90000,1,1,1,4291559526,2,24,24,12,12,0,170,200,20,0,100,1,0,200,0,100,200,1,0,200,20,200,0,0,0,100,100,100,100,100,0,0,0,4278190080,1,0,0,0,0,0,0,0,0,0,0,0,0,0,0,0,800,9999,2,2,477,20,0,20
289,82,4,11,1,10066329,10066329,50000,1604,1,17,4288269567,2,16,16,8,8,10,100,1000,10,1,100,0,0,0,0,10,20,6,250,200,20,100,5,250,0,0,100,0,0,100,0,0,0,4278190080,1,0,0,0,0,0,0,0,0,0,0,0,0,0,0,0,2000,9999,476,10,0,0,466,25
290,80,2,20,1,16777011,10053171,12000,6403,1,20,4294967091,2,16,16,8,8,0,0,200,10,0,100,0,0,0,0,1,9,2,30,50,50,80,3,0,0,0,0,75,0,0,0,0,0,4278190080,1,0,0,0,0,0,0,0,0,0,0,0,0,0,0,0,900,500,478,100,0,0,0,100
291,80,16,18,1,39168,10053171,12000,5603,0,13,4278229248,1,16,16,4,4,0,0,500,10,0,100,0,0,0,0,1,1,9,5,300,1,300,4,66,0,0,0,0,75,0,0,0,0,4278190080,1,0,0,0,0,0,0,0,0,0,0,0,0,0,0,0,900,500,475,90,0,0,0,100
292,81,3,19,1,16736272,10053171,15000,3,1,22,4294926352,2,16,16,12,12,0,0,200,20,0,98,1,0,0,0,8,8,1,20,10,50,200,1,50,0,75,0,0,0,0,0,0,0,4278190080,1,0,0,0,0,0,0,0,0,0,0,0,0,0,0,0,900,1500,473,20,0,0,0,20
293,83,8,8,2,26316,26316,200000,403,1,22,4281571839,2,16,16,8,8,25,0,1000,10,0,100,0,0,0,0,2,4,8,10,25,1000,1000,5,500,0,0,100,0,0,100,0,0,0,4278190080,1,0,0,0,0,0,0,0,0,0,0,0,0,0,0,0,9000,3000,474,2,0,0,469,10
294,81,4,19,1,16764108,10040166,20000,2,1,1,4288230246,1,16,16,8,8,0,0,10,20,0,100,0,0,0,0,15,30,1,20,50,50,30,0,0,0,0,0,0,0,0,0,0,0,4278190080,1,0,0,0,0,0,0,0,0,0,0,0,0,0,0,0,900,400,483,100,0,0,0,100
295,81,4,19,1,13421823,6697881,20000,3,1,9,4284887961,1,16,16,8,8,0,0,150,10,0,100,0,0,0,0,4,6,1,8,50,50,120,0,0,0,0,0,0,0,0,0,0,0,4278190080,1,0,0,0,0,0,0,0,0,0,0,0,0,0,0,0,900,400,486,100,0,0,0,100
296,82,0,20,3,16764108,10040166,100000,104,1,3,4294927974,1,16,16,8,8,100,10,1000,10,5,100,0,0,50,0,10,20,50,150,300,50,300,0,0,0,0,0,0,0,0,0,0,0,4278190080,1,0,0,0,0,0,0,0,0,0,0,0,0,0,0,0,900,4000,481,5,0,0,0,20
297,84,0,20,5,13421823,6697881,200000,104,1,3,4291585791,1,16,16,8,8,100,10,160,10,5,100,0,2,100,0,10,20,50,150,300,50,1000,0,0,0,0,0,0,0,100,0,0,0,4278190080,1,0,0,0,0,0,0,0,0,0,0,0,0,0,0,0,9000,4000,484,3,0,0,470,10
298,82,5,20,1,13408563,10053171,20000,4,1,20,4291598643,1,16,16,8,8,0,10,1000,10,3,100,0,0,0,0,10,30,1,200,150,1000,1000,0,0,0,100,0,0,0,0,0,0,0,4278190080,1,0,0,0,0,0,0,0,0,0,0,0,0,0,0,0,900,900,480,100,0,0,0,100
299,82,5,20,1,3394764,10053171,20000,4,1,19,4281584844,1,8,8,8,8,0,10,1000,10,3,100,0,0,0,0,10,30,1,200,150,50,1000,0,0,0,100,0,0,0,0,0,0,0,4278190080,1,0,0,0,0,0,0,0,0,0,0,0,0,0,0,0,900,900,479,100,0,0,0,100
300,82,11,20,1,13395660,6710886,20000,4,1,9,4291585740,1,16,16,8,8,0,10,1000,10,3,100,0,0,0,0,10,30,1,200,50,1000,1000,0,0,0,100,0,0,0,0,0,0,0,4278190080,1,0,0,0,0,0,0,0,0,0,0,0,0,0,0,0,900,900,482,100,0,0,0,100
301,85,0,18,2,16763904,13408563,200000,2,1,18,4294914833,2,16,16,8,8,0,0,500,10,0,100,1,0,0,0,20,30,1,10,10,20,300,1,50,0,0,0,0,0,100,0,0,0,4278190080,1,0,0,0,0,0,0,0,0,0,0,0,0,0,0,0,9000,9000,485,3,541,10,543,10
302,83,10,18,1,13382400,3355443,20000,2,1,20,4294926352,2,16,16,8,8,0,0,200,20,0,99,0,0,20,0,2,3,1,1,10,100,500,1,50,0,100,0,0,-200,0,0,0,0,4278190080,1,0,0,0,0,0,0,0,0,0,0,0,0,0,0,0,900,1500,0,100,0,0,492,160
303,83,10,18,1,13408512,3355443,20000,2,1,20,4294967091,2,16,16,8,8,0,0,200,20,0,100,0,0,0,0,1,30,1,1,10,100,500,3,0,0,0,0,100,-200,0,0,0,0,4278190080,1,0,0,0,0,0,0,0,0,0,0,0,0,0,0,0,900,1500,0,100,0,0,491,160
304,83,10,18,1,26316,3355443,20000,2,1,20,4281558732,2,16,16,8,8,0,0,200,20,0,100,0,0,0,0,5,5,1,1,10,100,500,5,50,0,0,100,0,-200,100,0,0,0,4278190080,1,0,0,0,0,0,0,0,0,0,0,0,0,0,0,0,900,1500,0,100,0,0,494,160
305,86,10,18,2,52224,3355443,200000,603,1,20,4281584691,2,16,16,8,8,20,0,250,10,0,100,0,0,0,0,1,1,40,10,300,20,200,4,666,0,0,0,0,100,100,0,0,0,4278190080,1,0,0,0,0,0,0,0,0,0,0,0,0,0,0,0,9000,9999,493,3,495,6,544,10
306,84,7,21,1,13382400,13395507,22000,3,1,9,4294941030,1,16,16,8,8,0,0,200,10,0,100,0,0,0,0,5,15,1,10,50,50,100,0,0,0,0,0,0,0,0,0,0,0,4278190080,1,0,0,0,0,0,0,0,0,0,0,0,0,0,0,0,100,3333,487,50,0,0,0,100
307,84,5,21,1,2254370,4491332,22000,6406,0,13,4286028151,1,16,16,8,8,0,0,200,10,0,100,0,0,0,0,5,5,5,5,50,50,200,0,0,0,0,0,0,0,0,0,0,0,4278190080,1,0,0,0,0,0,0,0,0,0,0,0,0,0,0,0,100,3333,488,25,0,0,0,100
308,84,14,21,1,3368652,10066380,22000,1,1,17,4291611903,1,16,16,8,8,0,0,200,10,3,100,0,0,0,0,5,5,1,0,50,50,200,5,150,0,0,0,0,0,0,0,0,0,4278190080,1,0,0,0,0,0,0,0,0,0,0,0,0,0,0,0,100,3333,490,200,0,0,0,100
309,87,16,21,3,10053120,16763904,250000,6403,0,13,4294953984,1,16,16,8,8,0,0,250,10,0,100,0,0,0,0,5,15,7,10,10,1000,400,0,0,0,0,0,0,0,100,0,0,0,4278190080,1,0,0,0,0,0,0,0,0,0,0,0,0,0,0,0,1000,9999,489,3,547,10,548,10
310,85,5,8,1,3394815,13158,24000,3,0,12,4281584895,2,16,16,8,8,0,0,200,10,0,100,0,0,0,0,6,8,1,6,50,50,200,0,0,0,-100,0,0,0,0,0,0,0,4278190080,1,0,0,0,0,0,0,0,0,0,0,0,0,0,0,0,900,300,497,80,0,0,0,100
311,85,18,8,1,13382655,3342438,24000,4,0,12,4291572735,2,16,16,8,8,0,0,200,10,2,100,0,0,0,0,6,8,1,100,50,50,200,0,0,0,-100,0,0,0,0,0,0,0,4278190080,1,0,0,0,0,0,0,0,0,0,0,0,0,0,0,0,900,300,503,80,0,0,0,100
312,86,2,13,1,13382400,10053171,30000,104,1,22,2164219920,2,12,12,6,6,30,0,100,10,-1,99,1,0,0,0,4,6,30,80,200,100,30,1,50,0,0,0,0,0,0,0,0,0,4278190080,1,0,0,0,0,0,0,0,0,0,0,0,0,0,0,0,900,900,498,10,0,0,528,30
313,88,5,6,3,13434675,10066227,240000,104,0,12,4294967091,2,16,16,8,8,90,0,300,10,3,100,0,2,0,0,8,9,30,150,100,50,500,3,0,0,0,0,0,0,100,0,0,0,4278190080,1,0,0,0,0,0,0,0,0,0,0,0,0,0,0,0,9000,5000,499,3,502,3,529,5
314,86,16,21,1,15658496,3355443,150000,6403,1,20,4294967091,2,12,12,6,6,0,0,150,10,0,100,0,2,0,0,3,3,3,10,10,250,200,3,0,0,0,0,0,0,100,0,0,0,4278190080,1,0,0,0,0,0,0,0,0,0,0,0,0,0,0,0,900,5000,496,10,500,10,501,10
315,86,5,6,1,13408512,10053120,24000,4,0,12,4294954035,2,16,16,8,8,0,0,200,10,3,100,0,0,0,0,6,8,1,100,50,50,200,0,0,0,-100,0,0,0,0,0,0,0,4278190080,1,0,0,0,0,0,0,0,0,0,0,0,0,0,0,0,900,400,505,100,0,0,0,100
316,86,18,6,1,10066380,6710937,24000,1,0,7,4288269567,2,12,12,8,8,0,0,200,10,2,100,0,0,0,0,1,5,1,0,100,50,200,5,500,0,-100,0,0,0,0,0,0,0,4278190080,1,0,0,0,0,0,0,0,0,0,0,0,0,0,0,0,900,400,504,100,507,100,510,100
317,87,1,13,1,16724736,16750848,30000,3,1,18,4294926352,2,16,16,8,8,0,0,1000,10,0,100,1,0,0,0,10,20,1,5,50,50,500,1,50,0,0,0,0,0,0,0,0,0,4278190080,1,0,0,0,0,0,0,0,0,0,0,0,0,0,0,0,900,1000,509,10,0,0,530,20
318,89,5,8,3,16724736,16750848,240000,2406,1,20,4294926352,2,16,16,8,8,0,0,1500,10,0,100,0,2,0,0,30,50,7,5,100,50,500,1,50,0,0,0,0,0,100,0,0,0,4278190080,1,0,0,0,0,0,0,0,0,0,0,0,0,0,0,0,9000,6000,508,3,511,3,531,5
319,87,16,21,1,16763904,3355443,150000,12806,1,20,4294967091,2,12,12,6,6,0,0,150,10,0,100,0,2,0,0,4,4,4,10,10,250,200,3,0,0,0,0,0,0,100,0,0,0,4278190080,1,0,0,0,0,0,0,0,0,0,0,0,0,0,0,0,900,6000,506,10,532,20,545,40
320,87,6,21,1,39168,13395456,20000,1,0,21,4291624908,1,16,16,8,8,0,0,30,30,0,100,0,0,0,0,4,6,1,0,50,50,50,0,0,0,0,0,0,0,0,0,0,0,4278190080,1,0,0,0,0,0,0,0,0,0,0,0,0,0,0,0,1000,300,519,150,515,150,538,400
321,87,6,21,2,8930304,13395456,26000,104,1,3,4284887808,1,16,16,8,8,20,0,500,10,3,100,0,0,0,0,5,5,2,150,5,250,500,0,0,0,0,0,0,0,0,0,0,0,4278190080,1,0,0,0,0,0,0,0,0,0,0,0,0,0,0,0,1000,400,512,15,518,15,539,30
322,88,6,21,3,13421619,13395456,32000,1,1,18,4294967091,2,8,32,8,32,0,0,40,10,50,100,0,1,0,0,1,55,1,0,5,250,250,3,0,0,0,0,100,0,0,0,0,0,4278190080,1,0,0,0,0,0,0,0,0,0,0,0,0,0,0,0,1000,500,513,15,514,15,537,30
323,90,6,21,4,16724736,16750848,250000,104,1,21,4294926352,2,32,32,24,24,60,0,900,10,3,99,0,2,0,0,12,16,15,100,100,50,500,1,50,0,100,0,0,0,100,0,0,0,4278190080,1,0,0,0,0,0,0,0,0,0,0,0,0,0,0,0,10000,600,516,3,517,3,540,5
324,88,1,20,1,13434879,16764006,5000,3,1,4,4291624959,1,32,32,16,16,0,0,30,30,0,100,0,0,0,0,10,20,1,20,100,50,50,0,0,1000,0,0,0,0,0,0,0,0,4278190080,1,0,0,0,0,0,0,0,0,0,0,0,0,0,0,0,1000,500,522,200,526,200,535,500
325,89,16,13,5,4473907,15658496,70000,3,1,20,4294967091,2,32,16,4,4,0,0,200,10,0,100,0,0,0,0,1,30,1,30,5,1000,300,3,0,0,0,0,100,0,100,0,0,0,4278190080,1,0,0,0,0,0,0,0,0,0,0,0,0,0,0,0,1000,700,520,5,533,10,534,10
326,89,13,10,3,4469555,16728080,80000,3,1,6,4294926352,2,32,40,32,32,0,0,100,10,-1,98,0,1,0,0,12,15,2,20,5,250,300,1,50,0,100,0,0,0,100,0,0,0,4278190080,1,0,0,0,0,0,0,0,0,0,0,0,0,0,0,0,1000,600,521,5,523,5,524,5
327,91,1,20,1,16737996,16764006,250000,2,1,19,3439290060,2,32,32,32,32,0,0,1000,10,0,100,1,0,0,0,500,600,1,5,600,50,500,0,0,1000,0,0,0,0,100,0,0,0,4278190080,1,0,0,0,0,0,0,0,0,0,0,0,0,0,0,0,10000,1000,525,3,527,3,536,5
328,89,4,4,1,13421772,3355494,30000,2,1,1,4294914867,1,16,16,8,8,0,0,10,10,0,100,0,0,0,0,60,80,1,1,50,20,20,0,0,0,0,0,0,0,0,0,0,0,4278190080,1,0,0,0,0,0,0,0,0,0,0,0,0,0,0,0,1000,1000,549,200,0,0,550,200
329,90,4,4,1,13369344,3355494,50000,4,0,2,4284900966,1,8,8,8,8,0,0,300,10,3,100,0,0,0,0,10,30,4,150,50,15,150,1,0,0,0,0,0,0,0,1,0,24,4294926352,1,16,48,12,36,100,20,0,100,0,0,0,10,20,1,0,1000,3000,553,40,555,40,556,40
330,90,0,3,1,13369344,13421772,50000,104,1,17,4284901068,1,16,16,8,8,50,20,300,10,5,100,0,0,50,0,5,5,10,100,50,15,300,0,0,0,0,0,0,0,0,0,0,0,4278190080,1,0,0,0,0,0,0,0,0,0,0,0,0,0,0,0,1000,3000,551,25,552,25,554,25
331,92,4,4,2,13421772,3355494,300000,5,1,1,4294914867,1,32,16,32,8,0,0,200,20,5,99,0,0,0,0,300,500,5,0,150,100,250,0,0,0,0,0,0,0,100,0,0,0,4278190080,1,0,0,0,0,0,0,0,0,0,0,0,0,0,0,0,10000,9999,542,10,0,0,546,10
332,99,4,4,3,12303291,8934690,999999,3,0,2,4294926352,2,16,16,16,16,0,0,100,20,0,98,1,0,0,0,6,7,24,15,60,300,100,1,100,0,0,100,0,0,100,0,0,0,4278190080,1,0,0,0,0,0,0,0,0,0,0,0,0,0,0,5,99999,9999,557,2,0,0,0,10
333,0,0,0,0,0,0,0,5,1,20,4284914175,2,8,8,4,4,0,0,300,10,3,100,0,0,0,0,5,5,10,0,60,300,300,2,20,0,0,0,0,0,0,2,0,15,4288269567,2,8,8,4,4,50,20,0,98,0,0,0,5,5,20,0,0,0,0,0,0,0,0,0
334,0,0,0,0,0,0,0,9,1,18,4294967091,2,8,16,16,16,30,0,100,10,0,100,0,0,0,0,1,33,6,50,60,300,500,3,0,0,0,0,0,0,0,0,0,0,4278190080,1,0,0,0,0,0,0,0,0,0,0,0,0,0,0,0,0,0,0,0,0,0,0,0
335,0,0,0,0,0,0,0,4,1,3,4284887808,1,16,16,16,16,50,50,400,10,2,100,0,0,0,0,1,1,20,300,60,300,500,4,66,0,0,0,0,0,0,1,0,6,4284913920,1,32,32,24,24,50,50,0,100,0,0,0,1,1,1,0,0,0,0,0,0,0,0,0
336,0,0,0,0,0,0,0,3,1,17,4288269567,2,16,16,4,4,0,0,100,10,0,100,0,2,0,0,8,8,1,75,60,300,500,5,1800,0,0,0,0,0,0,1,0,7,4288269567,2,48,48,16,16,10,6,0,100,0,0,0,5,5,1,0,0,0,0,0,0,0,0,0
337,0,0,0,0,0,0,0,8,0,25,4288217088,1,64,64,40,48,0,90,100,20,0,100,0,0,0,1,9999,9999,1,0,60,300,500,0,0,0,0,0,0,0,0,0,0,0,4278190080,1,0,0,0,0,0,0,0,0,0,0,0,0,0,0,0,0,0,0,0,0,0,0,0
338,95,13,21,1,16766720,10040064,99999,1,1,17,4294914816,2,8,8,4,4,0,0,300,10,3,99,0,0,0,0,10,20,1,0,60,50,500,0,0,0,0,0,0,0,0,0,0,0,4278190080,1,0,0,0,0,0,0,0,0,0,0,0,0,0,0,0,10000,9999,561,100,0,0,0,5
